comet_id,comet_name,apparition_id,apparition_year,perihelion_date,peak_mag_n,predicted,event_case,max_salience,peak_month_offset,integ_above_p75,lead_time_p75,lead_time_p90,preperi_max
1P,1P/Halley,1P_1910,1910,1910-04-20,-0.1199691737937511,True,expected_seen,0.8865295288652952,1,4.174970967163987,-5.0,-5.0,0.7047872340425532
2P,2P/Encke,2P_1937,1937,1937-12-27,3.5371951707799942,True,expected_seen,0.2307692307692307,-4,0.06246204453441295,-4.0,,0.2307692307692307
2P,2P/Encke,2P_1934,1934,1934-09-15,4.530347976037678,True,expected_seen,0.125,-3,0.0,,,0.125
2P,2P/Encke,2P_1931,1931,1931-06-03,4.000245786814546,True,expected_seen,0.1891891891891892,2,0.020882002954371454,2.0,,0.075
2P,2P/Encke,2P_1928,1928,1928-02-19,3.0168620296331543,True,expected_seen,0.2142857142857142,-4,0.059489523634260494,-4.0,,0.2142857142857142
2P,2P/Encke,2P_1924,1924,1924-10-31,4.399016003940132,True,expected_seen,0.1621621621621621,0,0.0,,,0.0192307692307692
2P,2P/Encke,2P_1921,1921,1921-07-13,4.506248455578193,True,expected_seen,0.5,-1,0.3869976332147387,-2.0,-1.0,0.5
2P,2P/Encke,2P_1918,1918,1918-03-24,3.2034122743580555,True,expected_seen,0.1698113207547169,2,0.0015041345198991418,2.0,,0.1142857142857142
2P,2P/Encke,2P_1914,1914,1914-12-05,3.945926180389858,True,expected_seen,0.2686567164179104,-2,0.20028840426898722,-4.0,,0.2686567164179104
2P,2P/Encke,2P_1911,1911,1911-08-19,4.633436319716611,True,expected_seen,0.3333333333333333,2,0.7642495097069806,-3.0,1.0,0.3035714285714285
2P,2P/Encke,2P_1908,1908,1908-05-01,3.6321220831164513,True,expected_seen,0.3578947368421052,5,0.2862376293297346,4.0,5.0,0.055045871559633
2P,2P/Encke,2P_1905,1905,1905-01-12,3.3735436442197706,True,expected_seen,0.0851063829787234,1,0.0,,,0.056
2P,2P/Encke,2P_1901,1901,1901-09-15,4.671250208898306,True,expected_seen,0.3125,1,0.1560658077105446,-4.0,1.0,0.1801801801801801
2P,2P/Encke,2P_1898,1898,1898-05-27,4.052215290428391,True,expected_seen,0.3142857142857143,5,0.33793558415268965,1.0,5.0,0.1489361702127659
2P,2P/Encke,2P_1895,1895,1895-02-05,3.15430492441038,True,expected_seen,0.1941747572815534,-2,0.02586757104673565,-2.0,,0.1941747572815534
2P,2P/Encke,2P_1891,1891,1891-10-18,4.495610830795896,True,expected_seen,0.1171171171171171,0,0.0,,,0.0845070422535211
2P,2P/Encke,2P_1888,1888,1888-06-28,4.447054675503165,True,expected_seen,0.3035714285714285,-4,0.22541869681042118,-4.0,,0.3035714285714285
2P,2P/Encke,2P_1885,1885,1885-03-08,3.127152133644844,True,expected_seen,0.2653061224489796,-4,0.09699893621416186,-4.0,,0.2653061224489796
2P,2P/Encke,2P_1881,1881,1881-11-15,4.260480261197165,True,expected_seen,0.7070707070707071,-3,2.564490445997646,-5.0,-5.0,0.7070707070707071
2P,2P/Encke,2P_1878,1878,1878-07-26,4.497479718825105,True,expected_seen,0.2452830188679245,-4,0.20915856598198185,-4.0,,0.2452830188679245
2P,2P/Encke,2P_1875,1875,1875-04-13,3.340965890207868,True,expected_seen,0.1176470588235294,-1,0.0,,,0.1176470588235294
2P,2P/Encke,2P_1871,1871,1871-12-29,3.493969838847017,True,expected_seen,0.6551724137931034,3,1.0704052177477121,-2.0,0.0,0.2
2P,2P/Encke,2P_1868,1868,1868-09-15,4.55159172625644,True,expected_seen,0.1612903225806451,0,0.0,,,0.1224489795918367
2P,2P/Encke,2P_1865,1865,1865-05-28,4.078369816581415,True,expected_seen,0.4,6,0.7068235492577601,-1.0,-1.0,0.3333333333333333
2P,2P/Encke,2P_1862,1862,1862-02-06,3.127387994405103,True,expected_seen,0.7857142857142857,6,2.123589623096202,-5.0,-5.0,0.6
2P,2P/Encke,2P_1858,1858,1858-10-18,4.493319404233424,True,expected_seen,0.873015873015873,-1,2.6313932152101134,-5.0,-5.0,0.873015873015873
2P,2P/Encke,2P_1855,1855,1855-07-01,4.38828989359963,True,expected_seen,0.3333333333333333,-1,0.16502614709851557,-1.0,-1.0,0.3333333333333333
2P,2P/Encke,2P_1852,1852,1852-03-15,3.1217074186297573,True,expected_seen,0.391304347826087,2,0.791435083318665,-2.0,-2.0,0.3333333333333333
3D,3D/Biela,3D_1852,1852,1852-09-23,8.219189513968946,True,expected_seen,0.75,6,1.3516993256552756,-5.0,-5.0,0.391304347826087
4P,4P/Faye,4P_1940,1940,1940-04-24,10.395369449904404,True,expected_seen,0.1428571428571428,-5,0.0,,,0.1428571428571428
4P,4P/Faye,4P_1932,1932,1932-12-06,7.603483197065241,True,expected_seen,0.3333333333333333,2,0.16745066818077092,1.0,2.0,0.15
4P,4P/Faye,4P_1925,1925,1925-08-07,9.50959354806581,True,expected_seen,0.15,5,0.0,,,0.1428571428571428
4P,4P/Faye,4P_1910,1910,1910-11-02,7.445758226932007,True,expected_seen,0.4673913043478261,-5,0.9408188471521186,-5.0,-5.0,0.4673913043478261
4P,4P/Faye,4P_1896,1896,1896-03-19,10.411176939740534,True,expected_seen,0.3708609271523179,0,0.28816159067008684,-4.0,0.0,0.2222222222222222
4P,4P/Faye,4P_1888,1888,1888-08-20,9.62435792794107,True,expected_seen,0.2131147540983606,-5,0.09015445447381043,-5.0,,0.2131147540983606
4P,4P/Faye,4P_1881,1881,1881-01-23,9.230267450218852,True,expected_seen,0.6684782608695652,6,1.0879340762311545,-2.0,-2.0,0.3142857142857143
4P,4P/Faye,4P_1873,1873,1873-07-18,10.085279829971387,True,expected_seen,0.2352941176470588,6,0.13614178971183624,-3.0,,0.175
4P,4P/Faye,4P_1866,1866,1866-02-14,9.716479785128197,True,expected_seen,0.4,-3,0.3950784412955468,-5.0,-3.0,0.4
4P,4P/Faye,4P_1858,1858,1858-09-13,8.842622545660872,True,expected_seen,0.873015873015873,0,2.8267223926116594,-5.0,-5.0,0.4666666666666667
4P,4P/Faye,4P_1851,1851,1851-04-02,10.426564315499034,True,expected_seen,0.35,1,0.48401763187232316,-2.0,-2.0,0.3333333333333333
5D,5D/Brorsen,5D_1879,1879,1879-03-31,5.666210687876444,True,expected_seen,0.2647058823529412,1,0.19450866885215645,0.0,,0.0961538461538461
5D,5D/Brorsen,5D_1873,1873,1873-10-10,6.11256001825253,True,expected_seen,0.2352941176470588,3,0.1731712208826014,1.0,,0.1176470588235294
5D,5D/Brorsen,5D_1868,1868,1868-04-17,6.1018270931032665,True,expected_seen,0.3076923076923077,-4,0.17107793522267223,-5.0,-4.0,0.3076923076923077
5D,5D/Brorsen,5D_1857,1857,1857-03-29,5.903110064455884,True,expected_seen,0.9047619047619048,1,2.6631771151148866,0.0,0.0,0.1428571428571428
6P,6P/d'Arrest,6P_1923,1923,1923-09-15,9.457423358245151,True,expected_seen,0.1363636363636363,-3,0.0,,,0.1363636363636363
6P,6P/d'Arrest,6P_1910,1910,1910-09-16,9.003367234852554,True,expected_seen,0.8865295288652952,-4,2.2467338840022184,-5.0,-5.0,0.8865295288652952
6P,6P/d'Arrest,6P_1897,1897,1897-05-23,10.850535937613133,True,expected_seen,0.1693548387096774,-3,0.0010476524748596616,-3.0,,0.1693548387096774
6P,6P/d'Arrest,6P_1890,1890,1890-09-18,9.390954384707708,True,expected_seen,0.1034482758620689,-2,0.0,,,0.1034482758620689
6P,6P/d'Arrest,6P_1877,1877,1877-05-10,11.073426950581704,True,expected_seen,0.3548387096774194,1,0.2182243372077839,-1.0,1.0,0.2
6P,6P/d'Arrest,6P_1870,1870,1870-09-23,9.469672732691292,True,expected_seen,0.1666666666666666,-5,0.0,,,0.1666666666666666
6P,6P/d'Arrest,6P_1857,1857,1857-11-28,10.626285703021836,True,expected_seen,0.5769230769230769,-5,2.240339171062856,-5.0,-5.0,0.5769230769230769
6P,6P/d'Arrest,6P_1851,1851,1851-07-09,8.740543162705128,False,unexpected_seen,0.35,-2,0.6490437789708388,-5.0,-5.0,0.35
7P,7P/Pons-Winnecke,7P_1939,1939,1939-06-22,2.3960866007038835,True,expected_seen,0.1875,-2,0.019192813765182254,-2.0,,0.1875
7P,7P/Pons-Winnecke,7P_1933,1933,1933-05-18,5.891634236349665,True,expected_seen,0.3333333333333333,-3,0.21342919623166737,-4.0,-3.0,0.3333333333333333
7P,7P/Pons-Winnecke,7P_1927,1927,1927-06-21,-0.0412961303320338,True,expected_seen,0.4285714285714285,0,0.35744777927464055,-1.0,0.0,0.2195121951219512
7P,7P/Pons-Winnecke,7P_1921,1921,1921-06-13,2.723008052792028,True,expected_seen,0.5,0,0.3869976332147387,-1.0,0.0,0.2
7P,7P/Pons-Winnecke,7P_1915,1915,1915-09-02,6.831713535473128,True,expected_seen,0.328125,0,0.20559281186192435,0.0,0.0,0.1176470588235294
7P,7P/Pons-Winnecke,7P_1909,1909,1909-10-09,7.62751932449961,True,expected_seen,0.8207024029574861,6,2.834996520686974,-1.0,0.0,0.1743119266055046
7P,7P/Pons-Winnecke,7P_1898,1898,1898-03-20,7.1794044052089445,True,expected_seen,0.25,3,0.08169281376518225,3.0,,0.1489361702127659
7P,7P/Pons-Winnecke,7P_1892,1892,1892-07-01,1.777690971154502,True,expected_seen,0.644927536231884,4,0.5480391911595087,4.0,4.0,0.134453781512605
7P,7P/Pons-Winnecke,7P_1886,1886,1886-09-04,6.264172770501332,True,expected_seen,0.5192307692307693,2,0.5341919560665904,-5.0,2.0,0.2580645161290322
7P,7P/Pons-Winnecke,7P_1875,1875,1875-03-12,6.76794678289823,True,expected_seen,0.136986301369863,-5,0.0,,,0.136986301369863
7P,7P/Pons-Winnecke,7P_1869,1869,1869-06-30,2.6009768086864176,True,expected_seen,0.1951219512195122,3,0.026814764984694456,3.0,,0.0625
7P,7P/Pons-Winnecke,7P_1858,1858,1858-05-02,5.004963142321014,False,unexpected_seen,0.873015873015873,4,2.419537819144191,-5.0,-5.0,0.3636363636363636
8P,8P/Tuttle,8P_1939,1939,1939-11-10,7.949243808230415,True,expected_seen,0.1428571428571428,0,0.0,,,0.0588235294117647
8P,8P/Tuttle,8P_1926,1926,1926-04-28,9.045237822810806,True,expected_seen,0.1935483870967742,0,0.025241200861956442,0.0,,0.15
8P,8P/Tuttle,8P_1912,1912,1912-10-28,8.310959209435385,True,expected_seen,0.2238805970149253,1,0.05557341078010755,1.0,,0.1186440677966101
8P,8P/Tuttle,8P_1899,1899,1899-05-04,9.027390757421836,True,expected_seen,0.2058823529411764,-2,0.05366514359210822,-2.0,,0.2058823529411764
8P,8P/Tuttle,8P_1885,1885,1885-09-11,9.06734679236306,True,expected_seen,0.369047619047619,6,0.2795106757277812,2.0,6.0,0.1282051282051282
8P,8P/Tuttle,8P_1871,1871,1871-12-02,7.139145832305496,True,expected_seen,0.6551724137931034,3,0.8713654652070197,-2.0,0.0,0.2
8P,8P/Tuttle,8P_1858,1858,1858-02-24,7.558486700357091,False,unexpected_seen,0.52,-5,1.7228038664551826,-5.0,-5.0,0.52
9P,9P/Tempel 1,9P_1879,1879,1879-05-07,11.933997848317858,True,expected_seen,0.2647058823529412,-1,0.1971416535575096,-2.0,,0.2647058823529412
9P,9P/Tempel 1,9P_1873,1873,1873-05-10,11.913506146018667,True,expected_seen,0.3478260869565217,-5,0.385922128342037,-5.0,-5.0,0.3478260869565217
9P,9P/Tempel 1,9P_1867,1867,1867-05-24,10.715545991892943,False,unexpected_seen,0.2666666666666666,5,0.1617451079622134,3.0,,0.1666666666666666
10P,10P/Tempel 2,10P_1930,1930,1930-10-05,10.780955813108648,True,expected_seen,0.1466666666666666,-4,0.0,,,0.1466666666666666
10P,10P/Tempel 2,10P_1925,1925,1925-08-07,7.8260387698114755,True,expected_seen,0.15,5,0.0,,,0.1428571428571428
10P,10P/Tempel 2,10P_1920,1920,1920-06-10,10.208318757046662,True,expected_seen,0.0862068965517241,4,0.0,,,0.0414746543778801
10P,10P/Tempel 2,10P_1915,1915,1915-04-14,11.608372142106456,True,expected_seen,0.328125,5,0.15981781376518225,5.0,5.0,0.126865671641791
10P,10P/Tempel 2,10P_1904,1904,1904-11-10,11.846323865176998,True,expected_seen,0.0851063829787234,3,0.0,,,0.0434782608695652
10P,10P/Tempel 2,10P_1899,1899,1899-07-29,8.393623223013657,True,expected_seen,0.2269230769230769,4,0.11228103428036737,-4.0,,0.2058823529411764
10P,10P/Tempel 2,10P_1894,1894,1894-04-23,11.567185053191958,True,expected_seen,0.1648351648351648,1,0.0,,,0.1478260869565217
10P,10P/Tempel 2,10P_1878,1878,1878-09-07,9.90240096859154,True,expected_seen,0.2429906542056074,-1,0.17440186290353094,-1.0,,0.2429906542056074
10P,10P/Tempel 2,10P_1873,1873,1873-06-25,9.574268008661232,False,unexpected_seen,0.3055555555555556,-5,0.20640322762033303,-5.0,,0.3055555555555556
11P,11P/Tempel-Swift-LINEAR,11P_1908,1908,1908-10-05,13.204678466976516,True,expected_seen,0.3578947368421052,0,0.3420683741293996,-1.0,0.0,0.2649572649572649
11P,11P/Tempel-Swift-LINEAR,11P_1891,1891,1891-11-17,10.895403685453552,True,expected_seen,0.134453781512605,6,0.0,,,0.1171171171171171
11P,11P/Tempel-Swift-LINEAR,11P_1880,1880,1880-11-08,9.437618166355046,True,expected_seen,0.3142857142857143,0,0.17979900139054678,0.0,0.0,0.0945945945945946
11P,11P/Tempel-Swift-LINEAR,11P_1869,1869,1869-11-19,10.925761667307498,False,unexpected_seen,0.375,3,0.3695482186020155,-2.0,3.0,0.1951219512195122
12P,12P/Pons-Brooks,12P_1884,1884,1884-01-26,3.0054125575273387,True,expected_seen,0.4558823529411764,-4,0.7826779604021102,-4.0,-4.0,0.4558823529411764
13P,13P/Olbers,13P_1887,1887,1887-10-08,7.157053134416981,True,expected_seen,0.3035714285714285,4,0.19033605253676433,4.0,,0.0985915492957746
14P,14P/Wolf,14P_1934,1934,1934-02-27,13.83975825670524,True,expected_seen,0.2142857142857142,-5,0.045978528050896444,-5.0,,0.2142857142857142
14P,14P/Wolf,14P_1925,1925,1925-11-08,12.801301531575165,True,expected_seen,0.1935483870967742,5,0.025241200861956442,5.0,,0.1
14P,14P/Wolf,14P_1918,1918,1918-12-13,10.439236652351902,True,expected_seen,0.1549295774647887,5,0.0,,,0.0465116279069767
14P,14P/Wolf,14P_1912,1912,1912-02-24,11.858191718730666,True,expected_seen,0.3333333333333333,-4,0.38582779847017196,-5.0,-5.0,0.3333333333333333
14P,14P/Wolf,14P_1898,1898,1898-07-05,11.44447222557774,True,expected_seen,0.3142857142857143,3,0.33793558415268965,-1.0,3.0,0.25
14P,14P/Wolf,14P_1891,1891,1891-09-03,9.715313599842233,True,expected_seen,0.1290322580645161,-5,0.0,,,0.1290322580645161
14P,14P/Wolf,14P_1884,1884,1884-11-18,9.630103014450588,False,unexpected_seen,0.2857142857142857,-4,0.21440603569362982,-4.0,,0.2857142857142857
15P,15P/Finlay,15P_1926,1926,1926-08-07,9.203204103836626,True,expected_seen,0.1935483870967742,-4,0.025241200861956442,-4.0,,0.1935483870967742
15P,15P/Finlay,15P_1919,1919,1919-10-15,6.1149054404767735,True,expected_seen,0.1549295774647887,-5,0.0,,,0.1549295774647887
15P,15P/Finlay,15P_1906,1906,1906-09-08,6.451622008251438,True,expected_seen,0.1568627450980392,6,0.0,,,0.0859375
15P,15P/Finlay,15P_1893,1893,1893-07-12,9.611788101226573,True,expected_seen,0.3974358974358974,0,0.36734213148697115,-5.0,0.0,0.2446808510638297
15P,15P/Finlay,15P_1886,1886,1886-11-22,8.871982893151605,False,unexpected_seen,0.5192307692307693,0,0.3763781760435574,-1.0,0.0,0.1896551724137931
16P,16P/Brooks 2,16P_1939,1939,1939-09-15,9.848503842958648,True,expected_seen,0.1875,-5,0.019192813765182254,-5.0,,0.1875
16P,16P/Brooks 2,16P_1932,1932,1932-10-09,9.72018029174713,True,expected_seen,0.3333333333333333,4,0.2819641152600074,-5.0,4.0,0.2368421052631578
16P,16P/Brooks 2,16P_1925,1925,1925-11-01,9.835391560293502,True,expected_seen,0.1935483870967742,5,0.025241200861956442,5.0,,0.1
16P,16P/Brooks 2,16P_1911,1911,1911-01-08,11.549986319586148,True,expected_seen,0.3368421052631579,-4,0.608222600067704,-5.0,-5.0,0.3368421052631579
16P,16P/Brooks 2,16P_1903,1903,1903-12-06,10.915080930223349,True,expected_seen,0.4183673469387755,-5,0.5220978496484073,-5.0,-5.0,0.4183673469387755
16P,16P/Brooks 2,16P_1896,1896,1896-11-04,10.423514291990642,True,expected_seen,0.1693548387096774,3,0.0010476524748596616,3.0,,0.1489361702127659
16P,16P/Brooks 2,16P_1889,1889,1889-09-30,10.091887199403969,False,unexpected_seen,0.3636363636363636,4,0.32434591270798174,-2.0,4.0,0.2586206896551724
17P,17P/Holmes,17P_1906,1906,1906-03-14,15.175856776258138,True,expected_seen,0.0945945945945946,-3,0.0,,,0.0945945945945946
17P,17P/Holmes,17P_1899,1899,1899-04-28,14.48587388025029,True,expected_seen,0.2785714285714286,-5,0.16392938592871906,-5.0,,0.2785714285714286
17P,17P/Holmes,17P_1892,1892,1892-06-13,13.831119414599986,False,unexpected_seen,0.644927536231884,5,0.5480391911595087,5.0,5.0,0.134453781512605
18D,18D/Perrine-Mrkos,18D_1909,1909,1909-11-01,10.054783459523724,True,expected_seen,0.8207024029574861,5,2.834996520686974,-2.0,-1.0,0.4166666666666667
18D,18D/Perrine-Mrkos,18D_1896,1896,1896-11-25,9.63529273007546,False,unexpected_seen,0.1693548387096774,3,0.0010476524748596616,3.0,,0.1489361702127659
19P,19P/Borrelly,19P_1932,1932,1932-08-27,11.667103272740508,True,expected_seen,0.3333333333333333,6,0.2901275172604838,-5.0,6.0,0.2368421052631578
19P,19P/Borrelly,19P_1925,1925,1925-10-07,10.644532227552787,True,expected_seen,0.1935483870967742,6,0.025241200861956442,6.0,,0.1428571428571428
19P,19P/Borrelly,19P_1918,1918,1918-11-17,8.88084482019897,True,expected_seen,0.1549295774647887,6,0.0,,,0.0465116279069767
19P,19P/Borrelly,19P_1911,1911,1911-12-18,9.015790368903518,True,expected_seen,0.3333333333333333,-2,0.6146896164767268,-5.0,-3.0,0.3333333333333333
19P,19P/Borrelly,19P_1905,1905,1905-01-17,10.330968182474278,False,unexpected_seen,0.0851063829787234,1,0.0,,,0.056
20D,20D/Westphal,20D_1913,1913,1913-11-26,5.410890220859876,True,expected_seen,0.2459016393442623,3,0.15150639642928265,-2.0,,0.2105263157894736
20D,20D/Westphal,20D_1852,1852,1852-10-13,5.064014171378807,False,unexpected_seen,0.75,5,1.1450065118900934,-5.0,-5.0,0.391304347826087
21P,21P/Giacobini-Zinner,21P_1940,1940,1940-02-17,12.620458334581947,True,expected_seen,0.1428571428571428,-3,0.0,,,0.1428571428571428
21P,21P/Giacobini-Zinner,21P_1933,1933,1933-07-15,11.78011191220804,True,expected_seen,0.3333333333333333,-5,0.211004675149412,-5.0,-5.0,0.3333333333333333
21P,21P/Giacobini-Zinner,21P_1926,1926,1926-12-11,11.546823184049805,True,expected_seen,0.4285714285714285,6,0.31146925122374414,5.0,6.0,0.088235294117647
21P,21P/Giacobini-Zinner,21P_1913,1913,1913-11-02,9.757448211272166,True,expected_seen,0.2459016393442623,3,0.15150639642928265,-2.0,,0.2105263157894736
21P,21P/Giacobini-Zinner,21P_1900,1900,1900-11-28,10.771690193456902,False,unexpected_seen,0.2117647058823529,-4,0.09597855123867677,-4.0,,0.2117647058823529
22P,22P/Kopff,22P_1939,1939,1939-03-13,12.336595368190851,True,expected_seen,0.1875,1,0.019192813765182254,1.0,,0.1333333333333333
22P,22P/Kopff,22P_1932,1932,1932-08-21,10.638393176294349,True,expected_seen,0.3333333333333333,6,0.2901275172604838,-5.0,6.0,0.2368421052631578
22P,22P/Kopff,22P_1926,1926,1926-01-28,12.787037244940468,True,expected_seen,0.1935483870967742,3,0.025241200861956442,3.0,,0.1463414634146341
22P,22P/Kopff,22P_1919,1919,1919-06-28,9.961419312925663,True,expected_seen,0.1549295774647887,-1,0.0,,,0.1549295774647887
22P,22P/Kopff,22P_1906,1906,1906-05-03,11.19930478865529,False,unexpected_seen,0.0945945945945946,-5,0.0,,,0.0945945945945946
23P,23P/Brorsen-Metcalf,23P_1919,1919,1919-10-17,5.928362410521481,True,expected_seen,0.1549295774647887,-5,0.0,,,0.1549295774647887
24P,24P/Schaumasse,24P_1927,1927,1927-10-01,12.64229901547705,True,expected_seen,0.4285714285714285,-4,0.3709587748580046,-5.0,-4.0,0.4285714285714285
24P,24P/Schaumasse,24P_1919,1919,1919-10-20,12.404421167870508,True,expected_seen,0.1549295774647887,-5,0.0,,,0.1549295774647887
24P,24P/Schaumasse,24P_1911,1911,1911-11-13,12.302052562642263,False,unexpected_seen,0.3333333333333333,-1,0.6995469872039344,-5.0,-2.0,0.3333333333333333
25D,25D/Neujmin 2,25D_1927,1927,1927-01-16,11.798744794850334,True,expected_seen,0.4285714285714285,5,0.31146925122374414,4.0,5.0,0.088235294117647
25D,25D/Neujmin 2,25D_1916,1916,1916-03-11,9.914709992830762,False,unexpected_seen,0.2048192771084337,-4,0.0457749980967421,-4.0,,0.2048192771084337
26P,26P/Grigg-Skjellerup,26P_1937,1937,1937-05-23,10.313587066499071,True,expected_seen,0.2307692307692307,3,0.09415485829959522,-4.0,,0.2
26P,26P/Grigg-Skjellerup,26P_1932,1932,1932-05-12,9.3024658811816,True,expected_seen,0.2368421052631578,1,0.12267684907971285,-2.0,,0.1764705882352941
26P,26P/Grigg-Skjellerup,26P_1927,1927,1927-05-10,8.823175403704223,True,expected_seen,0.4285714285714285,1,0.35744777927464055,0.0,1.0,0.1
26P,26P/Grigg-Skjellerup,26P_1922,1922,1922-05-15,9.468488674929675,False,unexpected_seen,0.1219512195121951,-3,0.0,,,0.1219512195121951
27P,27P/Crommelin,27P_1928,1928,1928-11-04,5.253828375367279,True,expected_seen,0.1351351351351351,-1,0.0,,,0.1351351351351351
27P,27P/Crommelin,27P_1873,1873,1873-12-02,3.382514341277396,False,unexpected_seen,0.2352941176470588,1,0.1731712208826014,-1.0,,0.2307692307692307
28P,28P/Neujmin 1,28P_1931,1931,1931-04-30,13.805276617104136,True,expected_seen,0.1891891891891892,4,0.020882002954371454,4.0,,0.075
28P,28P/Neujmin 1,28P_1913,1913,1913-08-16,10.87465854104917,False,unexpected_seen,0.2459016393442623,6,0.15150639642928265,1.0,,0.0930232558139534
29P,29P/Schwassmann-Wachmann 1,29P_1925,1925,1925-05-07,15.643546445436534,False,unexpected_seen,0.1428571428571428,0,0.0,,,0.12
30P,30P/Reinmuth 1,30P_1935,1935,1935-04-29,13.888561855834425,True,expected_seen,0.2,5,0.03729867100862533,2.0,,0.0967741935483871
30P,30P/Reinmuth 1,30P_1928,1928,1928-01-30,12.608889294203642,False,unexpected_seen,0.2142857142857142,-3,0.059489523634260494,-3.0,,0.2142857142857142
31P,31P/Schwassmann-Wachmann 2,31P_1935,1935,1935-08-28,12.552382501761432,True,expected_seen,0.2,1,0.03729867100862533,-2.0,,0.1739130434782608
31P,31P/Schwassmann-Wachmann 2,31P_1929,1929,1929-03-23,11.268850514015789,False,unexpected_seen,0.1351351351351351,-5,0.0,,,0.1351351351351351
32P,32P/Comas Sola,32P_1935,1935,1935-10-06,12.80577989223834,True,expected_seen,0.2,-1,0.03729867100862533,-4.0,,0.2
32P,32P/Comas Sola,32P_1927,1927,1927-03-22,12.370106164960465,False,unexpected_seen,0.4285714285714285,3,0.31146925122374414,2.0,3.0,0.09375
33P,33P/Daniel,33P_1937,1937,1937-01-27,11.44657525566774,True,expected_seen,0.2352941176470588,-5,0.09867974517742331,-5.0,,0.2352941176470588
33P,33P/Daniel,33P_1909,1909,1909-11-29,9.031578878239907,False,unexpected_seen,0.8865295288652952,6,3.5532188633174515,-2.0,-1.0,0.4166666666666667
34D,34D/Gale,34D_1938,1938,1938-06-18,6.97150032741094,True,expected_seen,0.1333333333333333,-2,0.0,,,0.1333333333333333
34D,34D/Gale,34D_1927,1927,1927-06-14,7.75546378705577,False,unexpected_seen,0.4285714285714285,0,0.35744777927464055,-1.0,0.0,0.2195121951219512
35P,35P/Herschel-Rigollet,35P_1939,1939,1939-08-09,6.89568822924691,False,unexpected_seen,0.1875,-4,0.019192813765182254,-4.0,,0.1875
36P,36P/Whipple,36P_1933,1933,1933-08-01,13.095658927708993,False,unexpected_seen,0.2142857142857142,1,0.045978528050896444,1.0,,0.1388888888888889
37P,37P/Forbes,37P_1929,1929,1929-06-26,10.456063268678427,False,unexpected_seen,0.0975609756097561,2,0.0,,,0.0909090909090909
38P,38P/Stephan-Oterma,38P_1867,1867,1867-01-20,11.014282650443675,False,unexpected_seen,0.1666666666666666,2,0.0,,,0.0350877192982456
40P,40P/Vaisala 1,40P_1939,1939,1939-04-26,14.583800329901637,False,unexpected_seen,0.1875,0,0.019192813765182254,0.0,,0.1333333333333333
41P,41P/Tuttle-Giacobini-Kresak,41P_1907,1907,1907-05-29,11.609575688200852,True,expected_seen,0.1568627450980392,-2,0.0,,,0.1568627450980392
41P,41P/Tuttle-Giacobini-Kresak,41P_1858,1858,1858-05-03,10.170974896771275,False,unexpected_seen,0.873015873015873,4,2.419537819144191,-5.0,-5.0,0.3636363636363636
42P,42P/Neujmin 3,42P_1929,1929,1929-06-28,14.064250858040689,False,unexpected_seen,0.0975609756097561,2,0.0,,,0.0909090909090909
43P,43P/Wolf-Harrington,43P_1925,1925,1925-01-11,15.491,False,unexpected_seen,0.1621621621621621,-3,0.0,,,0.1621621621621621
54P,54P/de Vico-Swift-NEAT,54P_1894,1894,1894-10-12,10.98016083785318,True,expected_seen,0.1941747572815534,2,0.02586757104673565,2.0,,0.1648351648351648
55P,55P/Tempel-Tuttle,55P_1866,1866,1866-01-11,4.601142914576935,False,unexpected_seen,0.4,-2,0.3950784412955468,-4.0,-2.0,0.4
58P,58P/Jackson-Neujmin,58P_1936,1936,1936-10-03,13.382347843675024,False,unexpected_seen,0.2352941176470588,-2,0.15259478116482778,-3.0,,0.2352941176470588
64P,64P/Swift-Gehrels,64P_1889,1889,1889-11-30,10.853312660394282,False,unexpected_seen,0.3636363636363636,2,0.32434591270798174,-4.0,2.0,0.2586206896551724
69P,69P/Taylor,69P_1916,1916,1916-01-31,9.85308570848554,False,unexpected_seen,0.328125,-4,0.20559281186192435,-4.0,-4.0,0.328125
72P,72P/Denning-Fujikawa,72P_1881,1881,1881-09-13,4.783619887162266,False,unexpected_seen,0.7070707070707071,-1,2.2807730902703853,-3.0,-3.0,0.7070707070707071
97P,97P/Metcalf-Brewington,97P_1906,1906,1906-10-10,10.902690563069914,False,unexpected_seen,0.1568627450980392,5,0.0,,,0.0859375
109P,109P/Swift-Tuttle,109P_1862,1862,1862-08-23,1.5381748630743517,False,unexpected_seen,0.7857142857142857,0,1.7298926402544827,-1.0,-1.0,0.5
113P,113P/Spitaler,113P_1890,1890,1890-10-27,11.863033907756654,False,unexpected_seen,0.1290322580645161,6,0.0,,,0.1034482758620689
139P,139P/Vaisala-Oterma,139P_1939,1939,1939-12-30,18.685,False,unexpected_seen,0.1428571428571428,-1,0.0,,,0.1428571428571428
177P,177P/Barnard 2,177P_1889,1889,1889-06-21,9.333006147347962,False,unexpected_seen,0.2586206896551724,1,0.13928097764304667,-2.0,,0.1785714285714285
206P,206P/Barnard-Boattini,206P_1892,1892,1892-12-11,11.792255238138626,False,unexpected_seen,0.644927536231884,-1,0.7843997404125622,-1.0,-1.0,0.644927536231884
274P,274P/Tombaugh-Tenagra,274P_1931,1931,1931-01-15,17.45,False,unexpected_seen,0.1388888888888889,-3,0.0,,,0.1388888888888889
489P,489P/Denning,489P_1894,1894,1894-02-09,8.121496270857842,False,unexpected_seen,0.1772151898734177,-5,0.008908003638599948,-5.0,,0.1772151898734177
C/1850 J1,C/1850 J1 (Petersen),C_1850J1_1850,1850,1850-07-24,4.701667139581693,False,unexpected_seen,0.5833333333333334,-1,0.8958378061996486,-3.0,-3.0,0.5833333333333334
C/1850 Q1,C/1850 Q1 (Bond),C_1850Q1_1850,1850,1850-10-19,4.82462548568739,False,unexpected_seen,0.5833333333333334,-4,0.8608639532981642,-5.0,-4.0,0.5833333333333334
C/1851 P1,C/1851 P1 (Brorsen),C_1851P1_1851,1851,1851-08-26,6.737783621557676,False,unexpected_seen,0.35,-3,0.48401763187232316,-5.0,-3.0,0.35
C/1852 K1,C/1852 K1 (Chacornac),C_1852K1_1852,1852,1852-04-20,9.357833793581907,False,unexpected_seen,0.391304347826087,1,0.9564612304171805,-3.0,-3.0,0.3333333333333333
C/1853 E1,C/1853 E1 (Secchi),C_1853E1_1853,1853,1853-02-24,5.575316135397845,False,unexpected_seen,0.75,1,1.2858659067540648,-4.0,-4.0,0.3333333333333333
C/1853 G1,C/1853 G1 (Schweizer),C_1853G1_1853,1853,1853-05-10,0.3094026808216796,False,unexpected_seen,0.75,-2,1.9179152267581063,-5.0,-2.0,0.75
C/1853 L1,C/1853 L1 (Klinkerfues),C_1853L1_1853,1853,1853-09-02,0.6011671033495238,False,unexpected_seen,0.5882352941176471,1,1.325958170656313,-4.0,-4.0,0.4444444444444444
C/1853 R1,C/1853 R1 (Bruhns),C_1853R1_1853,1853,1853-10-17,-0.6154023460890716,False,unexpected_seen,0.5882352941176471,0,1.3341215726567894,-5.0,-5.0,0.5454545454545454
C/1853 W1,C/1853 W1 (van Arsdale),C_1853W1_1854,1854,1854-01-04,10.696472392606251,False,unexpected_seen,0.5882352941176471,-3,1.3130689410778422,-5.0,-5.0,0.5882352941176471
C/1854 F1,C/1854 F1 (Great comet),C_1854F1_1854,1854,1854-03-24,1.5369090254809228,False,unexpected_seen,0.5882352941176471,-5,0.6597843236484879,-5.0,-5.0,0.5882352941176471
C/1854 L1,C/1854 L1 (Klinkerfues),C_1854L1_1854,1854,1854-06-22,4.4909546490225,False,unexpected_seen,0.4,0,0.2715490295308409,-2.0,0.0,0.1764705882352941
C/1854 R1,C/1854 R1 (Klinkerfues),C_1854R1_1854,1854,1854-10-28,7.387161412619815,False,unexpected_seen,0.4,-4,0.26338562753036454,-4.0,-4.0,0.4
C/1854 Y1,C/1854 Y1 (Winnecke-Dien),C_1854Y1_1854,1854,1854-12-16,9.09815494089145,False,unexpected_seen,0.3333333333333333,6,0.19671896086369783,-1.0,6.0,0.2
C/1855 G1,C/1855 G1 (Schweizer),C_1855G1_1855,1855,1855-02-05,8.196140162784133,False,unexpected_seen,0.3333333333333333,4,0.19671896086369783,-3.0,4.0,0.2
C/1855 L1,C/1855 L1 (Donati),C_1855L1_1855,1855,1855-05-30,7.126325263943931,False,unexpected_seen,0.3333333333333333,1,0.16502614709851557,1.0,1.0,0.1666666666666666
C/1855 V1,C/1855 V1 (Bruhns),C_1855V1_1855,1855,1855-11-25,6.095980607115899,False,unexpected_seen,0.3333333333333333,-5,0.26338562753036443,-5.0,-5.0,0.3333333333333333
C/1857 D1,C/1857 D1 (d'Arrest),C_1857D1_1857,1857,1857-03-21,6.025743603262248,False,unexpected_seen,0.9047619047619048,1,2.6631771151148866,0.0,0.0,0.1428571428571428
C/1857 M1,C/1857 M1 (Klinkerfues),C_1857M1_1857,1857,1857-07-18,5.01256954230792,False,unexpected_seen,0.9047619047619048,-3,3.1229020210568987,-4.0,-4.0,0.9047619047619048
C/1857 O1,C/1857 O1 (Peters),C_1857O1_1857,1857,1857-08-24,7.182446175507663,False,unexpected_seen,0.9047619047619048,-4,3.204594834822081,-5.0,-5.0,0.9047619047619048
C/1857 Q1,C/1857 Q1 (Klinkerfues),C_1857Q1_1857,1857,1857-10-01,2.9671943504121887,False,unexpected_seen,0.7247706422018348,-5,2.3031139691964784,-5.0,-5.0,0.7247706422018348
C/1857 V1,C/1857 V1 (Donati-van Arsdale),C_1857V1_1857,1857,1857-11-19,9.014802268607982,False,unexpected_seen,0.5769230769230769,-5,2.240339171062856,-5.0,-5.0,0.5769230769230769
C/1858 K1,C/1858 K1 (Bruhns),C_1858K1_1858,1858,1858-06-05,6.13286300243963,False,unexpected_seen,0.873015873015873,3,2.6527457844245252,-5.0,-2.0,0.4666666666666667
C/1858 L1,C/1858 L1 (Donati),C_1858L1_1858,1858,1858-09-30,-0.1851114415708261,False,unexpected_seen,0.873015873015873,0,2.6313932152101134,-4.0,-4.0,0.4666666666666667
C/1858 R1,C/1858 R1 (Tuttle),C_1858R1_1858,1858,1858-10-13,5.911659058467478,False,unexpected_seen,0.873015873015873,-1,2.6313932152101134,-5.0,-5.0,0.873015873015873
C/1859 G1,C/1859 G1 (Tempel),C_1859G1_1859,1859,1859-05-29,0.1821851011525854,False,unexpected_seen,0.56,2,1.42489285568233,-5.0,-2.0,0.3684210526315789
C/1860 D1,C/1860 D1 (Liais),C_1860D1_1860,1860,1860-02-17,5.991199647563243,False,unexpected_seen,0.2692307692307692,4,0.30492244915525923,-5.0,,0.1818181818181818
C/1860 H1,C/1860 H1 (Rumker),C_1860H1_1860,1860,1860-03-06,7.877660424294602,False,unexpected_seen,0.2692307692307692,3,0.29141145357189513,-1.0,,0.2615384615384615
C/1860 M1,C/1860 M1 (Great comet),C_1860M1_1860,1860,1860-06-16,0.1530891805235184,False,unexpected_seen,0.5555555555555556,5,1.0206168789944259,-4.0,5.0,0.2615384615384615
C/1860 U1,C/1860 U1 (Tempel),C_1860U1_1860,1860,1860-09-22,6.015555437698059,False,unexpected_seen,0.5555555555555556,2,1.1172418194564409,-3.0,2.0,0.2692307692307692
C/1861 G1,C/1861 G1 (Thatcher),C_1861G1_1861,1861,1861-06-03,2.717824573760848,False,unexpected_seen,0.9523809523809524,1,2.8976470138310564,-4.0,-3.0,0.6666666666666666
C/1861 J1,C/1861 J1 (Great comet),C_1861J1_1861,1861,1861-06-12,-0.9934400847778946,False,unexpected_seen,0.9523809523809524,1,3.1043398275962386,-4.0,-3.0,0.6666666666666666
C/1861 Y1,C/1861 Y1 (Tuttle),C_1861Y1_1861,1861,1861-12-07,7.019771602766008,False,unexpected_seen,0.9523809523809524,-5,2.165256289762869,-5.0,-5.0,0.9523809523809524
C/1862 N1,C/1862 N1 (Schmidt),C_1862N1_1862,1862,1862-06-22,4.409802247991496,False,unexpected_seen,0.7857142857142857,2,1.313225973587816,-5.0,-5.0,0.3333333333333333
C/1862 W1,C/1862 W1 (Respighi),C_1862W1_1862,1862,1862-12-28,4.620734576165952,False,unexpected_seen,0.7857142857142857,-4,1.9766116011181805,-5.0,-5.0,0.7857142857142857
C/1862 X1,C/1862 X1 (Bruhns),C_1862X1_1863,1863,1863-02-03,6.616462511181874,False,unexpected_seen,0.75,0,1.0275116878735302,-4.0,0.0,0.2857142857142857
C/1863 G1,C/1863 G1 (Klinkerfues),C_1863G1_1863,1863,1863-04-05,4.556964587421276,False,unexpected_seen,0.75,-2,0.945818874108348,-5.0,-2.0,0.75
C/1863 T1,C/1863 T1 (Baeker),C_1863T1_1863,1863,1863-12-29,6.083474475314093,False,unexpected_seen,0.3,1,0.2678057140228195,1.0,,0.1428571428571428
C/1863 V1,C/1863 V1 (Tempel),C_1863V1_1863,1863,1863-11-09,3.956742415554515,False,unexpected_seen,0.3,2,0.2678057140228195,2.0,,0.1428571428571428
C/1863 Y1,C/1863 Y1 (Respighi),C_1863Y1_1863,1863,1863-12-28,3.3212245374407434,False,unexpected_seen,0.3,1,0.2678057140228195,1.0,,0.1428571428571428
C/1864 N1,C/1864 N1 (Tempel),C_1864N1_1864,1864,1864-08-16,0.6007491484168297,False,unexpected_seen,0.2727272727272727,-3,0.15833512247985942,-3.0,,0.2727272727272727
C/1864 R1,C/1864 R1 (Donati),C_1864R1_1864,1864,1864-07-28,5.618457088334909,False,unexpected_seen,0.2727272727272727,-2,0.1900279362450417,-5.0,,0.2727272727272727
C/1864 Y1,C/1864 Y1 (Bruhns),C_1864Y1_1864,1864,1864-12-28,7.661654663219698,False,unexpected_seen,0.3333333333333333,4,0.4156601439496179,-2.0,4.0,0.2222222222222222
C/1865 B1,C/1865 B1 (Great southern comet),C_1865B1_1865,1865,1865-01-14,-11.319644795208932,False,unexpected_seen,0.3333333333333333,3,0.4473529577148002,-3.0,3.0,0.2222222222222222
C/1867 S1,C/1867 S1 (Baeker-Winnecke),C_1867S1_1867,1867,1867-11-07,3.6887622334768793,False,unexpected_seen,0.3076923076923077,1,0.30113022941970335,-3.0,1.0,0.2666666666666666
C/1868 L1,C/1868 L1 (Winnecke),C_1868L1_1868,1868,1868-06-26,4.3280279725778925,False,unexpected_seen,0.1612903225806451,3,0.0,,,0.1538461538461538
C/1869 T1,C/1869 T1 (Tempel),C_1869T1_1869,1869,1869-10-10,7.000013595643592,False,unexpected_seen,0.375,4,0.3695482186020155,-1.0,4.0,0.1951219512195122
C/1870 Q1,C/1870 Q1 (Coggia),C_1870Q1_1870,1870,1870-09-02,11.884170045137449,False,unexpected_seen,0.1666666666666666,-5,0.0,,,0.1666666666666666
C/1870 W1,C/1870 W1 (Winnecke),C_1870W1_1870,1870,1870-12-20,6.771706451640618,False,unexpected_seen,0.1666666666666666,4,0.0,,,0.0857142857142857
C/1871 G1,C/1871 G1 (Winnecke),C_1871G1_1871,1871,1871-06-11,4.313836592794377,False,unexpected_seen,0.3265306122448979,6,0.21605349798488904,4.0,6.0,0.1666666666666666
C/1871 L1,C/1871 L1 (Tempel),C_1871L1_1871,1871,1871-07-27,7.895963897209511,False,unexpected_seen,0.3265306122448979,5,0.21605349798488904,3.0,5.0,0.1666666666666666
C/1871 V1,C/1871 V1 (Tempel),C_1871V1_1871,1871,1871-12-20,10.09033298131593,False,unexpected_seen,0.6551724137931034,3,1.0704052177477121,-2.0,0.0,0.2
C/1873 Q1,C/1873 Q1 (Borrelly),C_1873Q1_1873,1873,1873-09-11,5.777871038465371,False,unexpected_seen,0.2352941176470588,4,0.17986403464778364,-5.0,,0.175
C/1873 Q2,C/1873 Q2 (Henry),C_1873Q2_1873,1873,1873-10-02,1.6696155411496516,False,unexpected_seen,0.2352941176470588,3,0.1731712208826014,1.0,,0.1176470588235294
C/1874 D1,C/1874 D1 (Winnecke),C_1874D1_1874,1874,1874-03-10,-1.5290124170438126,False,unexpected_seen,0.8863636363636364,4,1.6402281110121122,-4.0,3.0,0.2352941176470588
C/1874 G1,C/1874 G1 (Winnecke),C_1874G1_1874,1874,1874-03-14,4.703206659422257,False,unexpected_seen,0.8863636363636364,4,1.6402281110121122,-4.0,3.0,0.2352941176470588
C/1874 H1,C/1874 H1 (Coggia),C_1874H1_1874,1874,1874-07-09,1.6347929192148551,False,unexpected_seen,0.8863636363636364,0,1.510779135065458,-5.0,-1.0,0.6067415730337079
C/1874 O1,C/1874 O1 (Borrelly),C_1874O1_1874,1874,1874-08-27,7.41734355577839,False,unexpected_seen,0.8863636363636364,-1,1.4826577498717044,-5.0,-2.0,0.8863636363636364
C/1874 Q1,C/1874 Q1 (Coggia),C_1874Q1_1874,1874,1874-07-18,9.527014291840972,False,unexpected_seen,0.8863636363636364,0,1.510779135065458,-5.0,-1.0,0.6067415730337079
C/1874 X1,C/1874 X1 (Borrelly),C_1874X1_1874,1874,1874-10-19,5.108249714248126,False,unexpected_seen,0.8863636363636364,-3,1.467056890129511,-4.0,-4.0,0.8863636363636364
C/1877 C1,C/1877 C1 (Borrelly),C_1877C1_1877,1877,1877-01-19,6.012971293374141,False,unexpected_seen,0.3548387096774194,5,0.2182243372077839,3.0,5.0,0.1612903225806451
C/1877 G2,C/1877 G2 (Swift),C_1877G2_1877,1877,1877-04-27,7.350711336555526,False,unexpected_seen,0.3548387096774194,2,0.2182243372077839,0.0,2.0,0.1612903225806451
C/1877 R1,C/1877 R1 (Coggia),C_1877R1_1877,1877,1877-09-11,8.640948435849827,False,unexpected_seen,0.3548387096774194,-3,0.29520016984089065,-5.0,-3.0,0.3548387096774194
C/1877 T1,C/1877 T1 (Tempel),C_1877T1_1877,1877,1877-06-27,7.396957263052947,False,unexpected_seen,0.3548387096774194,0,0.2182243372077839,-2.0,0.0,0.2
C/1878 N1,C/1878 N1 (Swift),C_1878N1_1878,1878,1878-07-21,8.325668066969726,False,unexpected_seen,0.2452830188679245,-4,0.20915856598198185,-4.0,,0.2452830188679245
C/1879 M1,C/1879 M1 (Swift),C_1879M1_1879,1879,1879-04-27,5.416691744133011,False,unexpected_seen,0.2647058823529412,0,0.19450866885215645,-1.0,,0.2105263157894736
C/1879 Q1,C/1879 Q1 (Palisa),C_1879Q1_1879,1879,1879-10-05,6.466790197126436,False,unexpected_seen,0.2452830188679245,2,0.17508170918844276,-5.0,,0.2040816326530612
C/1880 C1,C/1880 C1 (Great southern comet),C_1880C1_1880,1880,1880-01-28,-9.10058135899327,False,unexpected_seen,0.2452830188679245,-1,0.1558888954232605,-5.0,,0.2452830188679245
C/1880 G1,C/1880 G1 (Schaeberle),C_1880G1_1880,1880,1880-07-02,7.391433399126745,False,unexpected_seen,0.3142857142857143,4,0.18556057672150222,-5.0,4.0,0.1910112359550561
C/1880 S1,C/1880 S1 (Hartwig),C_1880S1_1880,1880,1880-09-07,3.122621019838796,False,unexpected_seen,0.3142857142857143,2,0.17979900139054678,2.0,2.0,0.0666666666666666
C/1880 Y1,C/1880 Y1 (Pechule),C_1880Y1_1880,1880,1880-11-09,5.010445749697974,False,unexpected_seen,0.3142857142857143,0,0.17979900139054678,0.0,0.0,0.0945945945945946
C/1881 J1,C/1881 J1 (Swift),C_1881J1_1881,1881,1881-05-20,5.964612308072486,False,unexpected_seen,0.7070707070707071,3,2.2057464562932485,-4.0,1.0,0.202127659574468
C/1881 K1,C/1881 K1 (Great comet),C_1881K1_1881,1881,1881-06-16,0.0301612757337454,False,unexpected_seen,0.7070707070707071,2,2.254830574406257,-5.0,0.0,0.202127659574468
C/1881 N1,C/1881 N1 (Schaeberle),C_1881N1_1881,1881,1881-08-22,1.8372041612669008,False,unexpected_seen,0.7070707070707071,0,2.2210101010666063,-2.0,-2.0,0.6684782608695652
C/1881 W1,C/1881 W1 (Swift),C_1881W1_1881,1881,1881-11-20,7.911393677925638,False,unexpected_seen,0.7070707070707071,-3,2.564490445997646,-5.0,-5.0,0.7070707070707071
C/1882 F1,C/1882 F1 (Wells),C_1882F1_1882,1882,1882-06-11,-7.945414163953945,False,unexpected_seen,0.5902777777777778,4,1.4916669431264231,-3.0,-1.0,0.3619047619047619
C/1882 R1,C/1882 R1 (Great September comet),C_1882R1_1882,1882,1882-09-17,-13.132751984921372,False,unexpected_seen,0.5902777777777778,1,1.4383540492412248,-5.0,-4.0,0.4782608695652174
C/1882 R2,C/1882 R2 (Barnard),C_1882R2_1882,1882,1882-11-13,7.21373381397977,False,unexpected_seen,0.5902777777777778,-1,1.2238295072791459,-5.0,-5.0,0.5902777777777778
C/1883 D1,C/1883 D1 (Brooks-Swift),C_1883D1_1883,1883,1883-02-19,6.182800830705336,False,unexpected_seen,0.5902777777777778,-4,0.8082104074438379,-5.0,-5.0,0.5902777777777778
C/1884 A1,C/1884 A1 (Ross),C_1884A1_1883,1883,1883-12-25,1.2302160647868725,False,unexpected_seen,0.4558823529411764,-3,0.6652708609226423,-3.0,-3.0,0.4558823529411764
C/1885 N1,C/1885 N1 (Barnard),C_1885N1_1885,1885,1885-08-06,10.246511515851878,False,unexpected_seen,0.2153846153846154,3,0.07877024291497992,3.0,,0.1282051282051282
C/1885 R1,C/1885 R1 (Brooks),C_1885R1_1885,1885,1885-08-10,4.6976714703149,False,unexpected_seen,0.2153846153846154,3,0.07877024291497992,3.0,,0.1282051282051282
C/1885 X1,C/1885 X1 (Fabry),C_1885X1_1886,1886,1886-04-06,2.030864592689164,False,unexpected_seen,0.369047619047619,-1,0.4586724419297895,-5.0,-1.0,0.369047619047619
C/1885 X2,C/1885 X2 (Barnard),C_1885X2_1886,1886,1886-05-03,3.112332777792682,False,unexpected_seen,0.369047619047619,-2,0.4115950127799919,-3.0,-2.0,0.369047619047619
C/1885 Y1,C/1885 Y1 (Brooks),C_1885Y1_1885,1885,1885-11-25,7.286970613463923,False,unexpected_seen,0.369047619047619,4,0.43732445575081424,0.0,4.0,0.12
C/1886 H1,C/1886 H1 (Brooks),C_1886H1_1886,1886,1886-06-07,4.114922392137687,False,unexpected_seen,0.5192307692307693,5,0.7625185957759434,-4.0,-3.0,0.369047619047619
C/1886 J1,C/1886 J1 (Brooks),C_1886J1_1886,1886,1886-05-04,4.101034886377291,False,unexpected_seen,0.369047619047619,-2,0.4115950127799919,-3.0,-2.0,0.369047619047619
C/1886 T1,C/1886 T1 (Barnard-Hartwig),C_1886T1_1886,1886,1886-12-16,3.174758389666385,False,unexpected_seen,0.5192307692307693,-1,0.3763781760435574,-2.0,-1.0,0.5192307692307693
C/1887 B1,C/1887 B1 (Great southern comet),C_1887B1_1887,1887,1887-01-11,-12.381552605466096,False,unexpected_seen,0.5192307692307693,-2,0.3763781760435574,-3.0,-2.0,0.5192307692307693
C/1887 B2,C/1887 B2 (Brooks),C_1887B2_1887,1887,1887-03-17,8.209652802684257,False,unexpected_seen,0.5192307692307693,-4,0.3763781760435574,-5.0,-4.0,0.5192307692307693
C/1887 B3,C/1887 B3 (Barnard),C_1887B3_1886,1886,1886-11-28,8.361180201814054,False,unexpected_seen,0.5192307692307693,0,0.3763781760435574,-1.0,0.0,0.1896551724137931
C/1887 D1,C/1887 D1 (Barnard),C_1887D1_1887,1887,1887-03-28,7.934280986113433,False,unexpected_seen,0.5192307692307693,-4,0.3763781760435574,-5.0,-4.0,0.5192307692307693
C/1887 J1,C/1887 J1 (Barnard),C_1887J1_1887,1887,1887-06-17,9.06130086070495,False,unexpected_seen,0.1724137931034483,-5,0.004106606868630541,-5.0,,0.1724137931034483
C/1888 D1,C/1888 D1 (Sawerthal),C_1888D1_1888,1888,1888-03-17,3.05100928922714,False,unexpected_seen,0.3035714285714285,-1,0.22541869681042118,-1.0,,0.3035714285714285
C/1888 P1,C/1888 P1 (Brooks),C_1888P1_1888,1888,1888-07-31,8.246935811729374,False,unexpected_seen,0.2131147540983606,-4,0.09015445447381043,-4.0,,0.2131147540983606
C/1888 R1,C/1888 R1 (Barnard),C_1888R1_1889,1889,1889-01-31,7.008055981920498,False,unexpected_seen,0.2586206896551724,6,0.10057774575696538,3.0,,0.1588785046728972
C/1888 U1,C/1888 U1 (Barnard),C_1888U1_1888,1888,1888-09-13,8.96318353347337,False,unexpected_seen,0.2033898305084746,-1,0.04534688661026759,-5.0,,0.2033898305084746
C/1889 G1,C/1889 G1 (Barnard),C_1889G1_1889,1889,1889-06-11,10.67323347871674,False,unexpected_seen,0.2586206896551724,1,0.13928097764304667,-2.0,,0.1785714285714285
C/1889 O1,C/1889 O1 (Davidson),C_1889O1_1889,1889,1889-07-19,4.464407730997653,False,unexpected_seen,0.3636363636363636,6,0.3346101550445925,-3.0,6.0,0.1785714285714285
C/1889 X1,C/1889 X1 (Borrelly),C_1889X1_1890,1890,1890-01-26,2.959505074732233,False,unexpected_seen,0.3636363636363636,0,0.23403240928762714,-5.0,0.0,0.2068965517241379
C/1890 F1,C/1890 F1 (Brooks),C_1890F1_1890,1890,1890-06-02,7.077714749255593,False,unexpected_seen,0.3636363636363636,-5,0.19532917740154584,-5.0,-5.0,0.3636363636363636
C/1890 O1,C/1890 O1 (Coggia),C_1890O1_1890,1890,1890-07-09,8.33900346246056,False,unexpected_seen,0.1034482758620689,0,0.0,,,0.0625
C/1890 O2,C/1890 O2 (Denning),C_1890O2_1890,1890,1890-09-25,9.37123877211013,False,unexpected_seen,0.1034482758620689,-2,0.0,,,0.1034482758620689
C/1890 V1,C/1890 V1 (Zona),C_1890V1_1890,1890,1890-08-06,13.17701097957276,False,unexpected_seen,0.1034482758620689,-1,0.0,,,0.1034482758620689
C/1891 T1,C/1891 T1 (Barnard),C_1891T1_1891,1891,1891-11-14,9.663525065022748,False,unexpected_seen,0.134453781512605,6,0.0,,,0.1171171171171171
C/1892 E1,C/1892 E1 (Swift),C_1892E1_1892,1892,1892-04-07,3.448201416467985,False,unexpected_seen,0.134453781512605,1,0.0,,,0.0887850467289719
C/1892 F1,C/1892 F1 (Denning),C_1892F1_1892,1892,1892-05-11,10.379289380681628,False,unexpected_seen,0.644927536231884,6,0.47662034999706626,6.0,6.0,0.078125
C/1892 Q1,C/1892 Q1 (Brooks),C_1892Q1_1892,1892,1892-12-28,5.096492428413032,False,unexpected_seen,0.644927536231884,-1,0.7843997404125622,-1.0,-1.0,0.644927536231884
C/1892 W1,C/1892 W1 (Brooks),C_1892W1_1893,1893,1893-01-06,7.800221214829495,False,unexpected_seen,0.644927536231884,-2,1.0135284516136418,-2.0,-2.0,0.644927536231884
C/1893 N1,C/1893 N1 (Rordame-Quenisset),C_1893N1_1893,1893,1893-07-07,2.942990347252355,False,unexpected_seen,0.3974358974358974,0,0.36734213148697115,-5.0,0.0,0.2446808510638297
C/1893 U1,C/1893 U1 (Brooks),C_1893U1_1893,1893,1893-09-19,6.975666939125602,False,unexpected_seen,0.3974358974358974,-2,0.23803671483967961,-2.0,-2.0,0.3974358974358974
C/1894 G1,C/1894 G1 (Gale),C_1894G1_1894,1894,1894-04-13,4.343647967120743,False,unexpected_seen,0.1648351648351648,1,0.0,,,0.1478260869565217
C/1895 W1,C/1895 W1 (Perrine),C_1895W1_1895,1895,1895-12-18,-2.2574076535723133,False,unexpected_seen,0.3708609271523179,3,0.28816159067008684,-1.0,3.0,0.2
C/1895 W2,C/1895 W2 (Brooks),C_1895W2_1895,1895,1895-10-21,8.315228626244163,False,unexpected_seen,0.3708609271523179,5,0.28816159067008684,1.0,5.0,0.131578947368421
C/1896 C1,C/1896 C1 (Perrine-Lamp),C_1896C1_1896,1896,1896-02-01,5.931638258272923,False,unexpected_seen,0.3708609271523179,1,0.28816159067008684,-3.0,1.0,0.2
C/1896 R1,C/1896 R1 (Sperra),C_1896R1_1896,1896,1896-07-11,10.37763170437992,False,unexpected_seen,0.3708609271523179,-4,0.2564687769049046,-5.0,-4.0,0.3708609271523179
C/1896 V1,C/1896 V1 (Perrine),C_1896V1_1897,1897,1897-02-08,8.00646670926738,False,unexpected_seen,0.1693548387096774,0,0.0010476524748596616,0.0,,0.1489361702127659
C/1897 U1,C/1897 U1 (Perrine),C_1897U1_1897,1897,1897-12-09,9.233651856771257,False,unexpected_seen,0.25,6,0.08169281376518225,6.0,,0.1308411214953271
C/1898 F1,C/1898 F1 (Perrine),C_1898F1_1898,1898,1898-03-17,7.101732204869441,False,unexpected_seen,0.25,3,0.08169281376518225,3.0,,0.1489361702127659
C/1898 L1,C/1898 L1 (Coddington-Pauly),C_1898L1_1898,1898,1898-09-14,8.151413805894068,False,unexpected_seen,0.3142857142857143,1,0.3755107508590483,-3.0,1.0,0.25
C/1898 L2,C/1898 L2 (Perrine),C_1898L2_1898,1898,1898-08-16,6.356383556660836,False,unexpected_seen,0.3142857142857143,2,0.33793558415268965,-2.0,2.0,0.25
C/1898 M1,C/1898 M1 (Giacobini),C_1898M1_1898,1898,1898-07-25,10.122962156093026,False,unexpected_seen,0.3142857142857143,3,0.33793558415268965,-1.0,3.0,0.25
C/1898 R1,C/1898 R1 (Perrine-Chofardet),C_1898R1_1898,1898,1898-10-21,3.9819869327563415,False,unexpected_seen,0.3142857142857143,0,0.3755107508590483,-4.0,0.0,0.25
C/1898 U1,C/1898 U1 (Brooks),C_1898U1_1898,1898,1898-11-23,7.815347884706121,False,unexpected_seen,0.3142857142857143,-1,0.3755107508590483,-5.0,-1.0,0.3142857142857143
C/1898 V1,C/1898 V1 (Chase),C_1898V1_1898,1898,1898-09-20,11.027526639617246,False,unexpected_seen,0.3142857142857143,1,0.3755107508590483,-3.0,1.0,0.25
C/1899 E1,C/1899 E1 (Swift),C_1899E1_1899,1899,1899-04-13,1.056122529579568,False,unexpected_seen,0.2785714285714286,-5,0.16392938592871906,-5.0,,0.2785714285714286
C/1899 S1,C/1899 S1 (Giacobini),C_1899S1_1899,1899,1899-09-15,9.818186356184512,False,unexpected_seen,0.2269230769230769,2,0.07470586757400871,1.0,,0.1
C/1900 B1,C/1900 B1 (Giacobini),C_1900B1_1900,1900,1900-04-29,11.360260988645656,False,unexpected_seen,0.2269230769230769,-5,0.14272144798157357,-5.0,,0.2269230769230769
C/1900 O1,C/1900 O1 (Borrelly-Brooks),C_1900O1_1900,1900,1900-08-03,6.481533696432594,False,unexpected_seen,0.2117647058823529,-1,0.08410555729331443,-1.0,,0.2117647058823529
C/1901 G1,C/1901 G1 (Great comet),C_1901G1_1901,1901,1901-04-24,-2.318902895499792,False,unexpected_seen,0.3125,6,0.1560658077105446,1.0,6.0,0.1162790697674418
C/1902 G1,C/1902 G1 (Brooks),C_1902G1_1902,1902,1902-05-07,7.455452573120192,False,unexpected_seen,0.1868131868131868,6,0.018506000578369042,6.0,,0.0909090909090909
C/1902 R1,C/1902 R1 (Perrine),C_1902R1_1902,1902,1902-11-24,2.720205634810096,False,unexpected_seen,0.1868131868131868,0,0.018506000578369042,0.0,,0.1502890173410404
C/1902 X1,C/1902 X1 (Giacobini),C_1902X1_1903,1903,1903-03-23,10.938405816136662,False,unexpected_seen,0.4183673469387755,4,0.5419407486224983,-4.0,4.0,0.1868131868131868
C/1903 A1,C/1903 A1 (Giacobini),C_1903A1_1903,1903,1903-03-16,3.8570495550174657,False,unexpected_seen,0.4183673469387755,4,0.5419407486224983,-4.0,4.0,0.1868131868131868
C/1903 H1,C/1903 H1 (Grigg),C_1903H1_1903,1903,1903-03-25,6.887820786152054,False,unexpected_seen,0.4183673469387755,4,0.5419407486224983,-4.0,4.0,0.1868131868131868
C/1903 M1,C/1903 M1 (Borrelly),C_1903M1_1903,1903,1903-08-28,1.8399293654181743,False,unexpected_seen,0.4183673469387755,-1,0.559673016354766,-2.0,-1.0,0.4183673469387755
C/1904 H1,C/1904 H1 (Brooks),C_1904H1_1904,1904,1904-03-07,8.92970294776135,False,unexpected_seen,0.2045454545454545,-5,0.036238268310636756,-5.0,,0.2045454545454545
C/1904 Y1,C/1904 Y1 (Giacobini),C_1904Y1_1904,1904,1904-11-03,11.38402050980538,False,unexpected_seen,0.0851063829787234,3,0.0,,,0.0434782608695652
C/1905 F1,C/1905 F1 (Giacobini),C_1905F1_1905,1905,1905-04-04,11.165373067620914,False,unexpected_seen,0.0851063829787234,-2,0.0,,,0.0851063829787234
C/1905 W1,C/1905 W1 (Schaer),C_1905W1_1905,1905,1905-10-25,6.345379104459531,False,unexpected_seen,0.0945945945945946,2,0.0,,,0.0490196078431372
C/1905 X1,C/1905 X1 (Giacobini),C_1905X1_1906,1906,1906-01-22,2.020171797617616,False,unexpected_seen,0.0945945945945946,-1,0.0,,,0.0945945945945946
C/1906 B1,C/1906 B1 (Brooks),C_1906B1_1905,1905,1905-12-22,8.993061174092293,False,unexpected_seen,0.0945945945945946,0,0.0,,,0.0601503759398496
C/1906 E1,C/1906 E1 (Kopff),C_1906E1_1905,1905,1905-10-18,11.2718694608463,False,unexpected_seen,0.0945945945945946,2,0.0,,,0.0490196078431372
C/1906 F1,C/1906 F1 (Ross),C_1906F1_1906,1906,1906-02-21,9.321142101900104,False,unexpected_seen,0.0945945945945946,-2,0.0,,,0.0945945945945946
C/1906 V1,C/1906 V1 (Thiele),C_1906V1_1906,1906,1906-11-21,7.634289694075227,False,unexpected_seen,0.1568627450980392,4,0.0,,,0.0859375
C/1907 E1,C/1907 E1 (Giacobini),C_1907E1_1907,1907,1907-03-19,10.285108754846116,False,unexpected_seen,0.1568627450980392,0,0.0,,,0.101010101010101
C/1907 G1,C/1907 G1 (Grigg-Mellish),C_1907G1_1907,1907,1907-03-27,6.784319264403877,False,unexpected_seen,0.1568627450980392,0,0.0,,,0.101010101010101
C/1907 L2,C/1907 L2 (Daniel),C_1907L2_1907,1907,1907-09-04,1.3760852079854522,False,unexpected_seen,0.1565217391304348,-5,0.0,,,0.1565217391304348
C/1907 T1,C/1907 T1 (Mellish),C_1907T1_1907,1907,1907-09-14,7.824747767781397,False,unexpected_seen,0.1565217391304348,-5,0.0,,,0.1565217391304348
C/1908 R1,C/1908 R1 (Morehouse),C_1908R1_1908,1908,1908-12-26,5.337509789597517,False,unexpected_seen,0.3578947368421052,-2,0.3420683741293996,-3.0,-2.0,0.3578947368421052
C/1910 A1,C/1910 A1 (Great January comet),C_1910A1_1910,1910,1910-01-17,-3.770183864478436,False,unexpected_seen,0.8865295288652952,4,4.1059367234656845,-4.0,-3.0,0.4893617021276595
C/1910 P1,C/1910 P1 (Metcalf),C_1910P1_1910,1910,1910-09-16,9.02225910775926,False,unexpected_seen,0.8865295288652952,-4,2.2467338840022184,-5.0,-5.0,0.8865295288652952
C/1911 N1,C/1911 N1 (Kiess),C_1911N1_1911,1911,1911-06-30,4.572002146812045,False,unexpected_seen,0.3333333333333333,4,0.7642495097069807,-1.0,3.0,0.233009708737864
C/1911 O1,C/1911 O1 (Brooks),C_1911O1_1911,1911,1911-10-28,1.5082848215043052,False,unexpected_seen,0.3333333333333333,0,0.7642495097069806,-5.0,-1.0,0.3069306930693069
C/1911 S2,C/1911 S2 (Quenisset),C_1911S2_1911,1911,1911-11-12,6.353208005347255,False,unexpected_seen,0.3333333333333333,-1,0.6995469872039344,-5.0,-2.0,0.3333333333333333
C/1911 S3,C/1911 S3 (Beljawsky),C_1911S3_1911,1911,1911-10-10,-0.2145510151282152,False,unexpected_seen,0.3333333333333333,0,0.7642495097069806,-5.0,-1.0,0.3069306930693069
C/1912 R1,C/1912 R1 (Gale),C_1912R1_1912,1912,1912-10-05,4.7749950637909375,False,unexpected_seen,0.2238805970149253,1,0.05557341078010755,1.0,,0.1186440677966101
C/1912 V1,C/1912 V1 (Borrelly),C_1912V1_1912,1912,1912-10-21,8.312377643255688,False,unexpected_seen,0.2238805970149253,1,0.05557341078010755,1.0,,0.1186440677966101
C/1913 J1,C/1913 J1 (Schaumasse),C_1913J1_1913,1913,1913-05-15,8.614113877350233,False,unexpected_seen,0.2105263157894736,4,0.07391194331983811,4.0,,0.0777777777777777
C/1913 R1,C/1913 R1 (Metcalf),C_1913R1_1913,1913,1913-09-14,8.446997058697312,False,unexpected_seen,0.2459016393442623,5,0.15150639642928265,0.0,,0.0930232558139534
C/1913 Y1,C/1913 Y1 (Delavan),C_1913Y1_1914,1914,1914-10-26,2.6128034845628747,False,unexpected_seen,0.2686567164179104,0,0.20028840426898722,-2.0,,0.264367816091954
C/1914 F1,C/1914 F1 (Kritzinger),C_1914F1_1914,1914,1914-06-04,8.709166920366128,False,unexpected_seen,0.2686567164179104,4,0.27788285737843177,-4.0,,0.2459016393442623
C/1914 J1,C/1914 J1 (Zlatinsky),C_1914J1_1914,1914,1914-05-08,4.835700377692698,False,unexpected_seen,0.2686567164179104,5,0.27788285737843177,-3.0,,0.2459016393442623
C/1914 M1,C/1914 M1 (Neujmin),C_1914M1_1914,1914,1914-07-30,12.649811383259877,False,unexpected_seen,0.2686567164179104,3,0.27788285737843177,-5.0,,0.2459016393442623
C/1914 S1,C/1914 S1 (Campbell),C_1914S1_1914,1914,1914-08-03,4.766405194267891,False,unexpected_seen,0.2686567164179104,2,0.20028840426898722,0.0,,0.1063829787234042
C/1915 C1,C/1915 C1 (Mellish),C_1915C1_1915,1915,1915-07-17,2.445877199446392,False,unexpected_seen,0.328125,2,0.20559281186192435,2.0,2.0,0.1176470588235294
C/1915 R1,C/1915 R1 (Mellish),C_1915R1_1915,1915,1915-10-13,7.326644800363897,False,unexpected_seen,0.328125,-1,0.20559281186192435,-1.0,-1.0,0.328125
C/1916 G1,C/1916 G1 (Wolf),C_1916G1_1917,1917,1917-06-17,9.804,False,unexpected_seen,0.2222222222222222,-1,0.152421621694702,-2.0,,0.2222222222222222
C/1917 F1,C/1917 F1 (Mellish),C_1917F1_1917,1917,1917-04-11,-0.2768948244706584,False,unexpected_seen,0.2222222222222222,1,0.152421621694702,0.0,,0.1649484536082474
C/1917 H1,C/1917 H1 (Schaumasse),C_1917H1_1917,1917,1917-05-18,7.100263994988222,False,unexpected_seen,0.2222222222222222,0,0.152421621694702,-1.0,,0.2131147540983606
C/1919 Q2,C/1919 Q2 (Metcalf),C_1919Q2_1919,1919,1919-12-07,6.567946043443897,False,unexpected_seen,0.1415094339622641,-3,0.0,,,0.1415094339622641
C/1920 X1,C/1920 X1 (Skjellerup),C_1920X1_1920,1920,1920-12-11,9.727787956873918,False,unexpected_seen,0.5,6,0.3633856275303645,5.0,6.0,0.0862068965517241
C/1921 E1,C/1921 E1 (Reid),C_1921E1_1921,1921,1921-05-10,5.794632620455021,False,unexpected_seen,0.5,1,0.3869976332147387,0.0,1.0,0.1282051282051282
C/1921 H1,C/1921 H1 (Dubiago),C_1921H1_1921,1921,1921-05-05,11.168491843712273,False,unexpected_seen,0.5,1,0.3869976332147387,0.0,1.0,0.1282051282051282
C/1922 B1,C/1922 B1 (Reid),C_1922B1_1921,1921,1921-10-28,9.1122938399256,False,unexpected_seen,0.5,-4,0.3869976332147387,-5.0,-4.0,0.5
C/1922 U1,C/1922 U1 (Baade),C_1922U1_1922,1922,1922-10-26,10.42081932597664,False,unexpected_seen,0.087378640776699,-1,0.0,,,0.087378640776699
C/1922 W1,C/1922 W1 (Skjellerup),C_1922W1_1923,1923,1923-01-04,7.127529254219521,False,unexpected_seen,0.1363636363636363,5,0.0,,,0.087378640776699
C/1923 T1,C/1923 T1 (Dubiago-Bernard),C_1923T1_1923,1923,1923-11-18,7.869822108270915,False,unexpected_seen,0.1363636363636363,-5,0.0,,,0.1363636363636363
C/1924 F1,C/1924 F1 (Reid),C_1924F1_1924,1924,1924-03-13,8.975093368882819,False,unexpected_seen,0.1111111111111111,-3,0.0,,,0.1111111111111111
C/1924 R1,C/1924 R1 (Finsler),C_1924R1_1924,1924,1924-09-04,3.382650042994516,False,unexpected_seen,0.1621621621621621,1,0.0,,,0.1071428571428571
C/1925 F1,C/1925 F1 (Shajn-Comas Sola),C_1925F1_1925,1925,1925-09-06,11.586332508362592,False,unexpected_seen,0.15,4,0.0,,,0.1428571428571428
C/1925 F2,C/1925 F2 (Reid),C_1925F2_1925,1925,1925-07-29,7.111007384324953,False,unexpected_seen,0.15,6,0.0,,,0.1428571428571428
C/1925 G1,C/1925 G1 (Orkisz),C_1925G1_1925,1925,1925-04-01,6.952424256166901,False,unexpected_seen,0.1428571428571428,1,0.0,,,0.12
C/1925 V1,C/1925 V1 (Wilk-Peltier),C_1925V1_1925,1925,1925-12-07,7.65629627533696,False,unexpected_seen,0.1935483870967742,4,0.025241200861956442,4.0,,0.1212121212121212
C/1925 W1,C/1925 W1 (Van Biesbroeck),C_1925W1_1925,1925,1925-10-02,8.664528201938158,False,unexpected_seen,0.15,3,0.0,,,0.1428571428571428
C/1925 X1,C/1925 X1 (Ensor),C_1925X1_1926,1926,1926-02-11,4.882906594842448,False,unexpected_seen,0.1935483870967742,2,0.025241200861956442,2.0,,0.15
C/1926 B1,C/1926 B1 (Blathwayt),C_1926B1_1926,1926,1926-01-02,10.427866971362285,False,unexpected_seen,0.1935483870967742,3,0.025241200861956442,3.0,,0.1463414634146341
C/1927 A1,C/1927 A1 (Blathwayt),C_1927A1_1927,1927,1927-02-14,7.795013223640526,False,unexpected_seen,0.4285714285714285,4,0.31146925122374414,3.0,4.0,0.09375
C/1927 B1,C/1927 B1 (Reid),C_1927B1_1926,1926,1926-12-30,7.529757889257748,False,unexpected_seen,0.4285714285714285,6,0.31146925122374414,5.0,6.0,0.088235294117647
C/1927 E1,C/1927 E1 (Stearns),C_1927E1_1927,1927,1927-03-22,9.875461909237686,False,unexpected_seen,0.4285714285714285,3,0.31146925122374414,2.0,3.0,0.09375
C/1927 X1,C/1927 X1 (Skjellerup-Maristany),C_1927X1_1927,1927,1927-12-18,-2.652527369069785,False,unexpected_seen,0.2142857142857142,-2,0.059489523634260494,-2.0,,0.2142857142857142
C/1929 Y1,C/1929 Y1 (Wilk),C_1929Y1_1930,1930,1930-01-22,7.152912605296253,False,unexpected_seen,0.1466666666666666,5,0.0,,,0.0975609756097561
C/1930 D1,C/1930 D1 (Peltier-Schwassmann-Wachmann),C_1930D1_1930,1930,1930-01-15,9.863957283908087,False,unexpected_seen,0.1466666666666666,5,0.0,,,0.0975609756097561
C/1930 E1,C/1930 E1 (Beyer),C_1930E1_1930,1930,1930-04-18,11.020533701920598,False,unexpected_seen,0.1466666666666666,2,0.0,,,0.0869565217391304
C/1930 F1,C/1930 F1 (Wilk),C_1930F1_1930,1930,1930-03-28,5.663577313171272,False,unexpected_seen,0.1466666666666666,3,0.0,,,0.0869565217391304
C/1930 L1,C/1930 L1 (Forbes),C_1930L1_1930,1930,1930-05-10,8.333397990237552,False,unexpected_seen,0.1466666666666666,1,0.0,,,0.1232876712328767
C/1931 O1,C/1931 O1 (Nagata),C_1931O1_1931,1931,1931-06-11,4.875421781434321,False,unexpected_seen,0.1891891891891892,2,0.020882002954371454,2.0,,0.075
C/1931 P1,C/1931 P1 (Ryves),C_1931P1_1931,1931,1931-08-25,-5.036073703572425,False,unexpected_seen,0.1891891891891892,0,0.020882002954371454,0.0,,0.0769230769230769
C/1932 G1,C/1932 G1 (Houghton-Ensor),C_1932G1_1932,1932,1932-02-28,9.471559084787158,False,unexpected_seen,0.2368421052631578,4,0.12267684907971285,1.0,,0.1666666666666666
C/1932 H1,C/1932 H1 (Carrasco),C_1932H1_1931,1931,1931-11-29,11.301784818817053,False,unexpected_seen,0.2142857142857142,6,0.07502393300574425,-3.0,,0.1891891891891892
C/1932 M1,C/1932 M1 (Newman),C_1932M1_1932,1932,1932-09-24,12.763726530605515,False,unexpected_seen,0.3333333333333333,5,0.2819641152600074,-4.0,5.0,0.2368421052631578
C/1932 M2,C/1932 M2 (Geddes),C_1932M2_1932,1932,1932-09-20,8.884033782838578,False,unexpected_seen,0.3333333333333333,5,0.2819641152600074,-4.0,5.0,0.2368421052631578
C/1932 P1,C/1932 P1 (Peltier-Whipple),C_1932P1_1932,1932,1932-09-01,7.135937025172408,False,unexpected_seen,0.3333333333333333,5,0.2819641152600074,-4.0,5.0,0.2368421052631578
C/1932 Y1,C/1932 Y1 (Dodwell-Forbes),C_1932Y1_1932,1932,1932-12-30,9.092921596019387,False,unexpected_seen,0.3333333333333333,2,0.16745066818077092,1.0,2.0,0.15
C/1933 D1,C/1933 D1 (Peltier),C_1933D1_1933,1933,1933-02-06,8.386723356896082,False,unexpected_seen,0.3333333333333333,0,0.16745066818077092,-1.0,0.0,0.1707317073170731
C/1935 A1,C/1935 A1 (Johnson),C_1935A1_1935,1935,1935-02-26,8.330649037955682,False,unexpected_seen,0.1739130434782608,4,0.005605857243443063,4.0,,0.075
C/1935 M1,C/1935 M1 (Jackson),C_1935M1_1934,1934,1934-09-06,11.999636895323862,False,unexpected_seen,0.125,-3,0.0,,,0.125
C/1935 Q1,C/1935 Q1 (Van Biesbroeck),C_1935Q1_1936,1936,1936-05-11,14.323281128963467,False,unexpected_seen,0.2352941176470588,3,0.12090196739964551,2.0,,0.0689655172413793
C/1936 K1,C/1936 K1 (Peltier),C_1936K1_1936,1936,1936-07-08,3.793657249346492,False,unexpected_seen,0.2352941176470588,1,0.15259478116482778,0.0,,0.125
C/1936 O1,C/1936 O1 (Kaho-Kozik-Lis),C_1936O1_1936,1936,1936-07-15,4.530355541126014,False,unexpected_seen,0.2352941176470588,1,0.15259478116482778,0.0,,0.125
C/1937 C1,C/1937 C1 (Whipple),C_1937C1_1937,1937,1937-06-20,9.009187766241112,False,unexpected_seen,0.2307692307692307,2,0.09415485829959522,-5.0,,0.2
C/1937 D1,C/1937 D1 (Wilk),C_1937D1_1937,1937,1937-02-21,8.04174096646922,False,unexpected_seen,0.2307692307692307,6,0.09415485829959522,-1.0,,0.2
C/1937 N1,C/1937 N1 (Finsler),C_1937N1_1937,1937,1937-08-15,4.092083787749923,False,unexpected_seen,0.2307692307692307,0,0.06246204453441295,0.0,,0.0588235294117647
C/1937 P1,C/1937 P1 (Hubble),C_1937P1_1936,1936,1936-11-14,10.734390655979366,False,unexpected_seen,0.2352941176470588,-3,0.15259478116482778,-4.0,,0.2352941176470588
C/1939 B1,C/1939 B1 (Kozik-Peltier),C_1939B1_1939,1939,1939-02-06,6.5849691991322565,False,unexpected_seen,0.1875,2,0.019192813765182254,2.0,,0.12
C/1939 H1,C/1939 H1 (Jurlof-Achmarof-Hassel),C_1939H1_1939,1939,1939-04-10,3.5864814844364097,False,unexpected_seen,0.1875,0,0.019192813765182254,0.0,,0.1333333333333333
C/1939 V1,C/1939 V1 (Friend),C_1939V1_1939,1939,1939-11-05,10.07657102697698,False,unexpected_seen,0.1428571428571428,0,0.0,,,0.0588235294117647
