trace_index,series,mode,time_point,value
0,P1: Comets2,lines,1850-01-01T00:00:00.000000,0.0
0,P1: Comets2,lines,1850-02-01T00:00:00.000000,0.0
0,P1: Comets2,lines,1850-03-01T00:00:00.000000,0.0
0,P1: Comets2,lines,1850-04-01T00:00:00.000000,0.5
0,P1: Comets2,lines,1850-05-01T00:00:00.000000,0.25
0,P1: Comets2,lines,1850-06-01T00:00:00.000000,0.4166666666666667
0,P1: Comets2,lines,1850-07-01T00:00:00.000000,0.0
0,P1: Comets2,lines,1850-08-01T00:00:00.000000,0.0
0,P1: Comets2,lines,1850-09-01T00:00:00.000000,0.2222222222222222
0,P1: Comets2,lines,1850-10-01T00:00:00.000000,0.0
0,P1: Comets2,lines,1850-11-01T00:00:00.000000,0.0
0,P1: Comets2,lines,1850-12-01T00:00:00.000000,0.0
0,P1: Comets2,lines,1851-01-01T00:00:00.000000,0.0
0,P1: Comets2,lines,1851-02-01T00:00:00.000000,0.16666666666666666
0,P1: Comets2,lines,1851-03-01T00:00:00.000000,0.1
0,P1: Comets2,lines,1851-04-01T00:00:00.000000,0.05555555555555555
0,P1: Comets2,lines,1851-05-01T00:00:00.000000,0.0
0,P1: Comets2,lines,1851-06-01T00:00:00.000000,0.0
0,P1: Comets2,lines,1851-07-01T00:00:00.000000,0.08695652173913043
0,P1: Comets2,lines,1851-08-01T00:00:00.000000,0.0
0,P1: Comets2,lines,1851-09-01T00:00:00.000000,0.0
0,P1: Comets2,lines,1851-10-01T00:00:00.000000,0.0
0,P1: Comets2,lines,1851-11-01T00:00:00.000000,0.0
0,P1: Comets2,lines,1851-12-01T00:00:00.000000,0.0
0,P1: Comets2,lines,1852-01-01T00:00:00.000000,0.3333333333333333
0,P1: Comets2,lines,1852-02-01T00:00:00.000000,0.14285714285714285
0,P1: Comets2,lines,1852-03-01T00:00:00.000000,0.0
0,P1: Comets2,lines,1852-04-01T00:00:00.000000,0.25
0,P1: Comets2,lines,1852-05-01T00:00:00.000000,0.13043478260869565
0,P1: Comets2,lines,1852-06-01T00:00:00.000000,0.16666666666666666
0,P1: Comets2,lines,1852-07-01T00:00:00.000000,0.08333333333333333
0,P1: Comets2,lines,1852-08-01T00:00:00.000000,0.0
0,P1: Comets2,lines,1852-09-01T00:00:00.000000,0.09090909090909091
0,P1: Comets2,lines,1852-10-01T00:00:00.000000,0.16666666666666666
0,P1: Comets2,lines,1852-11-01T00:00:00.000000,0.0
0,P1: Comets2,lines,1852-12-01T00:00:00.000000,0.10714285714285714
0,P1: Comets2,lines,1853-01-01T00:00:00.000000,0.0
0,P1: Comets2,lines,1853-02-01T00:00:00.000000,0.0
0,P1: Comets2,lines,1853-03-01T00:00:00.000000,0.0
0,P1: Comets2,lines,1853-04-01T00:00:00.000000,0.16666666666666666
0,P1: Comets2,lines,1853-05-01T00:00:00.000000,0.15789473684210525
0,P1: Comets2,lines,1853-06-01T00:00:00.000000,0.0
0,P1: Comets2,lines,1853-07-01T00:00:00.000000,0.0
0,P1: Comets2,lines,1853-08-01T00:00:00.000000,0.3888888888888889
0,P1: Comets2,lines,1853-09-01T00:00:00.000000,0.4090909090909091
0,P1: Comets2,lines,1853-10-01T00:00:00.000000,0.5294117647058824
0,P1: Comets2,lines,1853-11-01T00:00:00.000000,0.041666666666666664
0,P1: Comets2,lines,1853-12-01T00:00:00.000000,0.0
0,P1: Comets2,lines,1854-01-01T00:00:00.000000,0.0
0,P1: Comets2,lines,1854-02-01T00:00:00.000000,0.07692307692307693
0,P1: Comets2,lines,1854-03-01T00:00:00.000000,0.0
0,P1: Comets2,lines,1854-04-01T00:00:00.000000,0.058823529411764705
0,P1: Comets2,lines,1854-05-01T00:00:00.000000,0.0
0,P1: Comets2,lines,1854-06-01T00:00:00.000000,0.1
0,P1: Comets2,lines,1854-07-01T00:00:00.000000,0.0
0,P1: Comets2,lines,1854-08-01T00:00:00.000000,0.0
0,P1: Comets2,lines,1854-09-01T00:00:00.000000,0.0
0,P1: Comets2,lines,1854-10-01T00:00:00.000000,0.06666666666666667
0,P1: Comets2,lines,1854-11-01T00:00:00.000000,0.0
0,P1: Comets2,lines,1854-12-01T00:00:00.000000,0.08333333333333333
0,P1: Comets2,lines,1855-01-01T00:00:00.000000,0.0
0,P1: Comets2,lines,1855-02-01T00:00:00.000000,0.0
0,P1: Comets2,lines,1855-03-01T00:00:00.000000,0.0
0,P1: Comets2,lines,1855-04-01T00:00:00.000000,0.06666666666666667
0,P1: Comets2,lines,1855-05-01T00:00:00.000000,0.0
0,P1: Comets2,lines,1855-06-01T00:00:00.000000,0.1111111111111111
0,P1: Comets2,lines,1855-07-01T00:00:00.000000,0.0
0,P1: Comets2,lines,1855-08-01T00:00:00.000000,0.0
0,P1: Comets2,lines,1855-09-01T00:00:00.000000,0.0
0,P1: Comets2,lines,1855-10-01T00:00:00.000000,0.0
0,P1: Comets2,lines,1855-11-01T00:00:00.000000,0.0
0,P1: Comets2,lines,1855-12-01T00:00:00.000000,0.08333333333333333
0,P1: Comets2,lines,1856-01-01T00:00:00.000000,0.0
0,P1: Comets2,lines,1856-02-01T00:00:00.000000,0.0
0,P1: Comets2,lines,1856-03-01T00:00:00.000000,0.09523809523809523
0,P1: Comets2,lines,1856-04-01T00:00:00.000000,0.0
0,P1: Comets2,lines,1856-05-01T00:00:00.000000,0.06666666666666667
0,P1: Comets2,lines,1856-06-01T00:00:00.000000,0.0
0,P1: Comets2,lines,1856-07-01T00:00:00.000000,0.0
0,P1: Comets2,lines,1856-08-01T00:00:00.000000,0.26666666666666666
0,P1: Comets2,lines,1856-09-01T00:00:00.000000,0.14285714285714285
0,P1: Comets2,lines,1856-10-01T00:00:00.000000,0.041666666666666664
0,P1: Comets2,lines,1856-11-01T00:00:00.000000,0.030303030303030304
0,P1: Comets2,lines,1856-12-01T00:00:00.000000,0.07692307692307693
0,P1: Comets2,lines,1857-01-01T00:00:00.000000,0.0
0,P1: Comets2,lines,1857-02-01T00:00:00.000000,0.14285714285714285
0,P1: Comets2,lines,1857-03-01T00:00:00.000000,0.19047619047619047
0,P1: Comets2,lines,1857-04-01T00:00:00.000000,0.8333333333333334
0,P1: Comets2,lines,1857-05-01T00:00:00.000000,0.6788990825688074
0,P1: Comets2,lines,1857-06-01T00:00:00.000000,0.36538461538461536
0,P1: Comets2,lines,1857-07-01T00:00:00.000000,0.46153846153846156
0,P1: Comets2,lines,1857-08-01T00:00:00.000000,0.16
0,P1: Comets2,lines,1857-09-01T00:00:00.000000,0.24
0,P1: Comets2,lines,1857-10-01T00:00:00.000000,0.0
0,P1: Comets2,lines,1857-11-01T00:00:00.000000,0.09090909090909091
0,P1: Comets2,lines,1857-12-01T00:00:00.000000,0.1111111111111111
0,P1: Comets2,lines,1858-01-01T00:00:00.000000,0.05555555555555555
0,P1: Comets2,lines,1858-02-01T00:00:00.000000,0.08333333333333333
0,P1: Comets2,lines,1858-03-01T00:00:00.000000,0.047619047619047616
0,P1: Comets2,lines,1858-04-01T00:00:00.000000,0.18181818181818182
0,P1: Comets2,lines,1858-05-01T00:00:00.000000,0.26666666666666666
0,P1: Comets2,lines,1858-06-01T00:00:00.000000,0.0
0,P1: Comets2,lines,1858-07-01T00:00:00.000000,0.0
0,P1: Comets2,lines,1858-08-01T00:00:00.000000,0.375
0,P1: Comets2,lines,1858-09-01T00:00:00.000000,0.7142857142857143
0,P1: Comets2,lines,1858-10-01T00:00:00.000000,0.6629213483146067
0,P1: Comets2,lines,1858-11-01T00:00:00.000000,0.45454545454545453
0,P1: Comets2,lines,1858-12-01T00:00:00.000000,0.25
0,P1: Comets2,lines,1859-01-01T00:00:00.000000,0.1111111111111111
0,P1: Comets2,lines,1859-02-01T00:00:00.000000,0.041666666666666664
0,P1: Comets2,lines,1859-03-01T00:00:00.000000,0.05263157894736842
0,P1: Comets2,lines,1859-04-01T00:00:00.000000,0.058823529411764705
0,P1: Comets2,lines,1859-05-01T00:00:00.000000,0.1
0,P1: Comets2,lines,1859-06-01T00:00:00.000000,0.0
0,P1: Comets2,lines,1859-07-01T00:00:00.000000,0.16
0,P1: Comets2,lines,1859-08-01T00:00:00.000000,0.08333333333333333
0,P1: Comets2,lines,1859-09-01T00:00:00.000000,0.0
0,P1: Comets2,lines,1859-10-01T00:00:00.000000,0.0
0,P1: Comets2,lines,1859-11-01T00:00:00.000000,0.06896551724137931
0,P1: Comets2,lines,1859-12-01T00:00:00.000000,0.0
0,P1: Comets2,lines,1860-01-01T00:00:00.000000,0.037037037037037035
0,P1: Comets2,lines,1860-02-01T00:00:00.000000,0.13846153846153847
0,P1: Comets2,lines,1860-03-01T00:00:00.000000,0.034482758620689655
0,P1: Comets2,lines,1860-04-01T00:00:00.000000,0.05357142857142857
0,P1: Comets2,lines,1860-05-01T00:00:00.000000,0.0
0,P1: Comets2,lines,1860-06-01T00:00:00.000000,0.2692307692307692
0,P1: Comets2,lines,1860-07-01T00:00:00.000000,0.13709677419354838
0,P1: Comets2,lines,1860-08-01T00:00:00.000000,0.013333333333333334
0,P1: Comets2,lines,1860-09-01T00:00:00.000000,0.0
0,P1: Comets2,lines,1860-10-01T00:00:00.000000,0.17857142857142858
0,P1: Comets2,lines,1860-11-01T00:00:00.000000,0.4444444444444444
0,P1: Comets2,lines,1860-12-01T00:00:00.000000,0.14285714285714285
0,P1: Comets2,lines,1861-01-01T00:00:00.000000,0.0
0,P1: Comets2,lines,1861-02-01T00:00:00.000000,0.0
0,P1: Comets2,lines,1861-03-01T00:00:00.000000,0.25
0,P1: Comets2,lines,1861-04-01T00:00:00.000000,0.4444444444444444
0,P1: Comets2,lines,1861-05-01T00:00:00.000000,0.07692307692307693
0,P1: Comets2,lines,1861-06-01T00:00:00.000000,0.34782608695652173
0,P1: Comets2,lines,1861-07-01T00:00:00.000000,0.8095238095238095
0,P1: Comets2,lines,1861-08-01T00:00:00.000000,0.125
0,P1: Comets2,lines,1861-09-01T00:00:00.000000,0.23076923076923078
0,P1: Comets2,lines,1861-10-01T00:00:00.000000,0.1
0,P1: Comets2,lines,1861-11-01T00:00:00.000000,0.4
0,P1: Comets2,lines,1861-12-01T00:00:00.000000,0.3125
0,P1: Comets2,lines,1862-01-01T00:00:00.000000,0.16666666666666666
0,P1: Comets2,lines,1862-02-01T00:00:00.000000,0.0
0,P1: Comets2,lines,1862-03-01T00:00:00.000000,0.0
0,P1: Comets2,lines,1862-04-01T00:00:00.000000,0.0
0,P1: Comets2,lines,1862-05-01T00:00:00.000000,0.0
0,P1: Comets2,lines,1862-06-01T00:00:00.000000,0.0
0,P1: Comets2,lines,1862-07-01T00:00:00.000000,0.5
0,P1: Comets2,lines,1862-08-01T00:00:00.000000,0.35714285714285715
0,P1: Comets2,lines,1862-09-01T00:00:00.000000,0.0
0,P1: Comets2,lines,1862-10-01T00:00:00.000000,0.0
0,P1: Comets2,lines,1862-11-01T00:00:00.000000,0.14285714285714285
0,P1: Comets2,lines,1862-12-01T00:00:00.000000,0.0
0,P1: Comets2,lines,1863-01-01T00:00:00.000000,0.0
0,P1: Comets2,lines,1863-02-01T00:00:00.000000,0.5
0,P1: Comets2,lines,1863-03-01T00:00:00.000000,0.3333333333333333
0,P1: Comets2,lines,1863-04-01T00:00:00.000000,0.0
0,P1: Comets2,lines,1863-05-01T00:00:00.000000,0.0
0,P1: Comets2,lines,1863-06-01T00:00:00.000000,0.0
0,P1: Comets2,lines,1863-07-01T00:00:00.000000,0.0
0,P1: Comets2,lines,1863-08-01T00:00:00.000000,0.0
0,P1: Comets2,lines,1863-09-01T00:00:00.000000,0.14285714285714285
0,P1: Comets2,lines,1863-10-01T00:00:00.000000,0.0
0,P1: Comets2,lines,1863-11-01T00:00:00.000000,0.0
0,P1: Comets2,lines,1863-12-01T00:00:00.000000,0.0
0,P1: Comets2,lines,1864-01-01T00:00:00.000000,0.3
0,P1: Comets2,lines,1864-02-01T00:00:00.000000,0.2
0,P1: Comets2,lines,1864-03-01T00:00:00.000000,0.0
0,P1: Comets2,lines,1864-04-01T00:00:00.000000,0.0
0,P1: Comets2,lines,1864-05-01T00:00:00.000000,0.0
0,P1: Comets2,lines,1864-06-01T00:00:00.000000,0.0
0,P1: Comets2,lines,1864-07-01T00:00:00.000000,0.0
0,P1: Comets2,lines,1864-08-01T00:00:00.000000,0.07142857142857142
0,P1: Comets2,lines,1864-09-01T00:00:00.000000,0.09090909090909091
0,P1: Comets2,lines,1864-10-01T00:00:00.000000,0.0
0,P1: Comets2,lines,1864-11-01T00:00:00.000000,0.0
0,P1: Comets2,lines,1864-12-01T00:00:00.000000,0.0
0,P1: Comets2,lines,1865-01-01T00:00:00.000000,0.0625
0,P1: Comets2,lines,1865-02-01T00:00:00.000000,0.0
0,P1: Comets2,lines,1865-03-01T00:00:00.000000,0.0
0,P1: Comets2,lines,1865-04-01T00:00:00.000000,0.0
0,P1: Comets2,lines,1865-05-01T00:00:00.000000,0.0
0,P1: Comets2,lines,1865-06-01T00:00:00.000000,0.2
0,P1: Comets2,lines,1865-07-01T00:00:00.000000,0.0
0,P1: Comets2,lines,1865-08-01T00:00:00.000000,0.0
0,P1: Comets2,lines,1865-09-01T00:00:00.000000,0.0
0,P1: Comets2,lines,1865-10-01T00:00:00.000000,0.0
0,P1: Comets2,lines,1865-11-01T00:00:00.000000,0.2
0,P1: Comets2,lines,1865-12-01T00:00:00.000000,0.125
0,P1: Comets2,lines,1866-01-01T00:00:00.000000,0.0
0,P1: Comets2,lines,1866-02-01T00:00:00.000000,0.125
0,P1: Comets2,lines,1866-03-01T00:00:00.000000,0.1
0,P1: Comets2,lines,1866-04-01T00:00:00.000000,0.0
0,P1: Comets2,lines,1866-05-01T00:00:00.000000,0.0
0,P1: Comets2,lines,1866-06-01T00:00:00.000000,0.0
0,P1: Comets2,lines,1866-07-01T00:00:00.000000,0.0
0,P1: Comets2,lines,1866-08-01T00:00:00.000000,0.0
0,P1: Comets2,lines,1866-09-01T00:00:00.000000,0.0
0,P1: Comets2,lines,1866-10-01T00:00:00.000000,0.0
0,P1: Comets2,lines,1866-11-01T00:00:00.000000,0.03508771929824561
0,P1: Comets2,lines,1866-12-01T00:00:00.000000,0.0
0,P1: Comets2,lines,1867-01-01T00:00:00.000000,0.0
0,P1: Comets2,lines,1867-02-01T00:00:00.000000,0.0
0,P1: Comets2,lines,1867-03-01T00:00:00.000000,0.1111111111111111
0,P1: Comets2,lines,1867-04-01T00:00:00.000000,0.0
0,P1: Comets2,lines,1867-05-01T00:00:00.000000,0.0
0,P1: Comets2,lines,1867-06-01T00:00:00.000000,0.0
0,P1: Comets2,lines,1867-07-01T00:00:00.000000,0.0
0,P1: Comets2,lines,1867-08-01T00:00:00.000000,0.0
0,P1: Comets2,lines,1867-09-01T00:00:00.000000,0.0
0,P1: Comets2,lines,1867-10-01T00:00:00.000000,0.06666666666666667
0,P1: Comets2,lines,1867-11-01T00:00:00.000000,0.1111111111111111
0,P1: Comets2,lines,1867-12-01T00:00:00.000000,0.15384615384615385
0,P1: Comets2,lines,1868-01-01T00:00:00.000000,0.07692307692307693
0,P1: Comets2,lines,1868-02-01T00:00:00.000000,0.0
0,P1: Comets2,lines,1868-03-01T00:00:00.000000,0.041666666666666664
0,P1: Comets2,lines,1868-04-01T00:00:00.000000,0.0
0,P1: Comets2,lines,1868-05-01T00:00:00.000000,0.0
0,P1: Comets2,lines,1868-06-01T00:00:00.000000,0.0
0,P1: Comets2,lines,1868-07-01T00:00:00.000000,0.07407407407407407
0,P1: Comets2,lines,1868-08-01T00:00:00.000000,0.061224489795918366
0,P1: Comets2,lines,1868-09-01T00:00:00.000000,0.0967741935483871
0,P1: Comets2,lines,1868-10-01T00:00:00.000000,0.07692307692307693
0,P1: Comets2,lines,1868-11-01T00:00:00.000000,0.047619047619047616
0,P1: Comets2,lines,1868-12-01T00:00:00.000000,0.0
0,P1: Comets2,lines,1869-01-01T00:00:00.000000,0.020833333333333332
0,P1: Comets2,lines,1869-02-01T00:00:00.000000,0.0
0,P1: Comets2,lines,1869-03-01T00:00:00.000000,0.0
0,P1: Comets2,lines,1869-04-01T00:00:00.000000,0.04
0,P1: Comets2,lines,1869-05-01T00:00:00.000000,0.0
0,P1: Comets2,lines,1869-06-01T00:00:00.000000,0.0
0,P1: Comets2,lines,1869-07-01T00:00:00.000000,0.023809523809523808
0,P1: Comets2,lines,1869-08-01T00:00:00.000000,0.11374407582938388
0,P1: Comets2,lines,1869-09-01T00:00:00.000000,0.12195121951219512
0,P1: Comets2,lines,1869-10-01T00:00:00.000000,0.08888888888888889
0,P1: Comets2,lines,1869-11-01T00:00:00.000000,0.0
0,P1: Comets2,lines,1869-12-01T00:00:00.000000,0.0
0,P1: Comets2,lines,1870-01-01T00:00:00.000000,0.06521739130434782
0,P1: Comets2,lines,1870-02-01T00:00:00.000000,0.041666666666666664
0,P1: Comets2,lines,1870-03-01T00:00:00.000000,0.043478260869565216
0,P1: Comets2,lines,1870-04-01T00:00:00.000000,0.08333333333333333
0,P1: Comets2,lines,1870-05-01T00:00:00.000000,0.0
0,P1: Comets2,lines,1870-06-01T00:00:00.000000,0.05128205128205128
0,P1: Comets2,lines,1870-07-01T00:00:00.000000,0.025
0,P1: Comets2,lines,1870-08-01T00:00:00.000000,0.0
0,P1: Comets2,lines,1870-09-01T00:00:00.000000,0.02857142857142857
0,P1: Comets2,lines,1870-10-01T00:00:00.000000,0.0
0,P1: Comets2,lines,1870-11-01T00:00:00.000000,0.0
0,P1: Comets2,lines,1870-12-01T00:00:00.000000,0.0
0,P1: Comets2,lines,1871-01-01T00:00:00.000000,0.0
0,P1: Comets2,lines,1871-02-01T00:00:00.000000,0.043478260869565216
0,P1: Comets2,lines,1871-03-01T00:00:00.000000,0.047619047619047616
0,P1: Comets2,lines,1871-04-01T00:00:00.000000,0.0
0,P1: Comets2,lines,1871-05-01T00:00:00.000000,0.0
0,P1: Comets2,lines,1871-06-01T00:00:00.000000,0.0625
0,P1: Comets2,lines,1871-07-01T00:00:00.000000,0.0
0,P1: Comets2,lines,1871-08-01T00:00:00.000000,0.05555555555555555
0,P1: Comets2,lines,1871-09-01T00:00:00.000000,0.1
0,P1: Comets2,lines,1871-10-01T00:00:00.000000,0.16
0,P1: Comets2,lines,1871-11-01T00:00:00.000000,0.16666666666666666
0,P1: Comets2,lines,1871-12-01T00:00:00.000000,0.02040816326530612
0,P1: Comets2,lines,1872-01-01T00:00:00.000000,0.0
0,P1: Comets2,lines,1872-02-01T00:00:00.000000,0.125
0,P1: Comets2,lines,1872-03-01T00:00:00.000000,0.46551724137931033
0,P1: Comets2,lines,1872-04-01T00:00:00.000000,0.22727272727272727
0,P1: Comets2,lines,1872-05-01T00:00:00.000000,0.11538461538461539
0,P1: Comets2,lines,1872-06-01T00:00:00.000000,0.061224489795918366
0,P1: Comets2,lines,1872-07-01T00:00:00.000000,0.15625
0,P1: Comets2,lines,1872-08-01T00:00:00.000000,0.2413793103448276
0,P1: Comets2,lines,1872-09-01T00:00:00.000000,0.0967741935483871
0,P1: Comets2,lines,1872-10-01T00:00:00.000000,0.09523809523809523
0,P1: Comets2,lines,1872-11-01T00:00:00.000000,0.0967741935483871
0,P1: Comets2,lines,1872-12-01T00:00:00.000000,0.13043478260869565
0,P1: Comets2,lines,1873-01-01T00:00:00.000000,0.25
0,P1: Comets2,lines,1873-02-01T00:00:00.000000,0.0
0,P1: Comets2,lines,1873-03-01T00:00:00.000000,0.0
0,P1: Comets2,lines,1873-04-01T00:00:00.000000,0.075
0,P1: Comets2,lines,1873-05-01T00:00:00.000000,0.06
0,P1: Comets2,lines,1873-06-01T00:00:00.000000,0.02857142857142857
0,P1: Comets2,lines,1873-07-01T00:00:00.000000,0.058823529411764705
0,P1: Comets2,lines,1873-08-01T00:00:00.000000,0.043478260869565216
0,P1: Comets2,lines,1873-09-01T00:00:00.000000,0.0
0,P1: Comets2,lines,1873-10-01T00:00:00.000000,0.0
0,P1: Comets2,lines,1873-11-01T00:00:00.000000,0.038461538461538464
0,P1: Comets2,lines,1873-12-01T00:00:00.000000,0.05263157894736842
0,P1: Comets2,lines,1874-01-01T00:00:00.000000,0.08823529411764706
0,P1: Comets2,lines,1874-02-01T00:00:00.000000,0.05357142857142857
0,P1: Comets2,lines,1874-03-01T00:00:00.000000,0.13793103448275862
0,P1: Comets2,lines,1874-04-01T00:00:00.000000,0.029411764705882353
0,P1: Comets2,lines,1874-05-01T00:00:00.000000,0.0
0,P1: Comets2,lines,1874-06-01T00:00:00.000000,0.4943820224719101
0,P1: Comets2,lines,1874-07-01T00:00:00.000000,0.7840909090909091
0,P1: Comets2,lines,1874-08-01T00:00:00.000000,0.3380281690140845
0,P1: Comets2,lines,1874-09-01T00:00:00.000000,0.07407407407407407
0,P1: Comets2,lines,1874-10-01T00:00:00.000000,0.0547945205479452
0,P1: Comets2,lines,1874-11-01T00:00:00.000000,0.0
0,P1: Comets2,lines,1874-12-01T00:00:00.000000,0.0
0,P1: Comets2,lines,1875-01-01T00:00:00.000000,0.0196078431372549
0,P1: Comets2,lines,1875-02-01T00:00:00.000000,0.05357142857142857
0,P1: Comets2,lines,1875-03-01T00:00:00.000000,0.09803921568627451
0,P1: Comets2,lines,1875-04-01T00:00:00.000000,0.0
0,P1: Comets2,lines,1875-05-01T00:00:00.000000,0.0
0,P1: Comets2,lines,1875-06-01T00:00:00.000000,0.0
0,P1: Comets2,lines,1875-07-01T00:00:00.000000,0.044444444444444446
0,P1: Comets2,lines,1875-08-01T00:00:00.000000,0.016666666666666666
0,P1: Comets2,lines,1875-09-01T00:00:00.000000,0.08695652173913043
0,P1: Comets2,lines,1875-10-01T00:00:00.000000,0.061224489795918366
0,P1: Comets2,lines,1875-11-01T00:00:00.000000,0.11764705882352941
0,P1: Comets2,lines,1875-12-01T00:00:00.000000,0.045454545454545456
0,P1: Comets2,lines,1876-01-01T00:00:00.000000,0.030303030303030304
0,P1: Comets2,lines,1876-02-01T00:00:00.000000,0.0
0,P1: Comets2,lines,1876-03-01T00:00:00.000000,0.020833333333333332
0,P1: Comets2,lines,1876-04-01T00:00:00.000000,0.0
0,P1: Comets2,lines,1876-05-01T00:00:00.000000,0.0
0,P1: Comets2,lines,1876-06-01T00:00:00.000000,0.0
0,P1: Comets2,lines,1876-07-01T00:00:00.000000,0.029411764705882353
0,P1: Comets2,lines,1876-08-01T00:00:00.000000,0.04
0,P1: Comets2,lines,1876-09-01T00:00:00.000000,0.021739130434782608
0,P1: Comets2,lines,1876-10-01T00:00:00.000000,0.0
0,P1: Comets2,lines,1876-11-01T00:00:00.000000,0.0
0,P1: Comets2,lines,1876-12-01T00:00:00.000000,0.0
0,P1: Comets2,lines,1877-01-01T00:00:00.000000,0.041666666666666664
0,P1: Comets2,lines,1877-02-01T00:00:00.000000,0.03333333333333333
0,P1: Comets2,lines,1877-03-01T00:00:00.000000,0.061224489795918366
0,P1: Comets2,lines,1877-04-01T00:00:00.000000,0.0
0,P1: Comets2,lines,1877-05-01T00:00:00.000000,0.0
0,P1: Comets2,lines,1877-06-01T00:00:00.000000,0.22580645161290322
0,P1: Comets2,lines,1877-07-01T00:00:00.000000,0.05
0,P1: Comets2,lines,1877-08-01T00:00:00.000000,0.041666666666666664
0,P1: Comets2,lines,1877-09-01T00:00:00.000000,0.034482758620689655
0,P1: Comets2,lines,1877-10-01T00:00:00.000000,0.08196721311475409
0,P1: Comets2,lines,1877-11-01T00:00:00.000000,0.03636363636363636
0,P1: Comets2,lines,1877-12-01T00:00:00.000000,0.0
0,P1: Comets2,lines,1878-01-01T00:00:00.000000,0.020833333333333332
0,P1: Comets2,lines,1878-02-01T00:00:00.000000,0.017857142857142856
0,P1: Comets2,lines,1878-03-01T00:00:00.000000,0.1320754716981132
0,P1: Comets2,lines,1878-04-01T00:00:00.000000,0.0
0,P1: Comets2,lines,1878-05-01T00:00:00.000000,0.0
0,P1: Comets2,lines,1878-06-01T00:00:00.000000,0.0
0,P1: Comets2,lines,1878-07-01T00:00:00.000000,0.012048192771084338
0,P1: Comets2,lines,1878-08-01T00:00:00.000000,0.018691588785046728
0,P1: Comets2,lines,1878-09-01T00:00:00.000000,0.08196721311475409
0,P1: Comets2,lines,1878-10-01T00:00:00.000000,0.0
0,P1: Comets2,lines,1878-11-01T00:00:00.000000,0.09090909090909091
0,P1: Comets2,lines,1878-12-01T00:00:00.000000,0.0
0,P1: Comets2,lines,1879-01-01T00:00:00.000000,0.0
0,P1: Comets2,lines,1879-02-01T00:00:00.000000,0.07692307692307693
0,P1: Comets2,lines,1879-03-01T00:00:00.000000,0.12280701754385964
0,P1: Comets2,lines,1879-04-01T00:00:00.000000,0.14705882352941177
0,P1: Comets2,lines,1879-05-01T00:00:00.000000,0.041666666666666664
0,P1: Comets2,lines,1879-06-01T00:00:00.000000,0.046511627906976744
0,P1: Comets2,lines,1879-07-01T00:00:00.000000,0.05263157894736842
0,P1: Comets2,lines,1879-08-01T00:00:00.000000,0.1076923076923077
0,P1: Comets2,lines,1879-09-01T00:00:00.000000,0.10204081632653061
0,P1: Comets2,lines,1879-10-01T00:00:00.000000,0.0
0,P1: Comets2,lines,1879-11-01T00:00:00.000000,0.09401709401709402
0,P1: Comets2,lines,1879-12-01T00:00:00.000000,0.1509433962264151
0,P1: Comets2,lines,1880-01-01T00:00:00.000000,0.07317073170731707
0,P1: Comets2,lines,1880-02-01T00:00:00.000000,0.07865168539325842
0,P1: Comets2,lines,1880-03-01T00:00:00.000000,0.13580246913580246
0,P1: Comets2,lines,1880-04-01T00:00:00.000000,0.0196078431372549
0,P1: Comets2,lines,1880-05-01T00:00:00.000000,0.012658227848101266
0,P1: Comets2,lines,1880-06-01T00:00:00.000000,0.0
0,P1: Comets2,lines,1880-07-01T00:00:00.000000,0.022222222222222223
0,P1: Comets2,lines,1880-08-01T00:00:00.000000,0.02127659574468085
0,P1: Comets2,lines,1880-09-01T00:00:00.000000,0.03571428571428571
0,P1: Comets2,lines,1880-10-01T00:00:00.000000,0.08108108108108109
0,P1: Comets2,lines,1880-11-01T00:00:00.000000,0.18571428571428572
0,P1: Comets2,lines,1880-12-01T00:00:00.000000,0.03389830508474576
0,P1: Comets2,lines,1881-01-01T00:00:00.000000,0.0851063829787234
0,P1: Comets2,lines,1881-02-01T00:00:00.000000,0.028985507246376812
0,P1: Comets2,lines,1881-03-01T00:00:00.000000,0.1
0,P1: Comets2,lines,1881-04-01T00:00:00.000000,0.034482758620689655
0,P1: Comets2,lines,1881-05-01T00:00:00.000000,0.075
0,P1: Comets2,lines,1881-06-01T00:00:00.000000,0.4463276836158192
0,P1: Comets2,lines,1881-07-01T00:00:00.000000,0.4782608695652174
0,P1: Comets2,lines,1881-08-01T00:00:00.000000,0.5454545454545454
0,P1: Comets2,lines,1881-09-01T00:00:00.000000,0.41304347826086957
0,P1: Comets2,lines,1881-10-01T00:00:00.000000,0.15625
0,P1: Comets2,lines,1881-11-01T00:00:00.000000,0.37373737373737376
0,P1: Comets2,lines,1881-12-01T00:00:00.000000,0.1956521739130435
0,P1: Comets2,lines,1882-01-01T00:00:00.000000,0.12162162162162163
0,P1: Comets2,lines,1882-02-01T00:00:00.000000,0.07936507936507936
0,P1: Comets2,lines,1882-03-01T00:00:00.000000,0.17543859649122806
0,P1: Comets2,lines,1882-04-01T00:00:00.000000,0.14606741573033707
0,P1: Comets2,lines,1882-05-01T00:00:00.000000,0.21904761904761905
0,P1: Comets2,lines,1882-06-01T00:00:00.000000,0.2826086956521739
0,P1: Comets2,lines,1882-07-01T00:00:00.000000,0.09259259259259259
0,P1: Comets2,lines,1882-08-01T00:00:00.000000,0.2328767123287671
0,P1: Comets2,lines,1882-09-01T00:00:00.000000,0.34065934065934067
0,P1: Comets2,lines,1882-10-01T00:00:00.000000,0.4583333333333333
0,P1: Comets2,lines,1882-11-01T00:00:00.000000,0.1792452830188679
0,P1: Comets2,lines,1882-12-01T00:00:00.000000,0.08050847457627118
0,P1: Comets2,lines,1883-01-01T00:00:00.000000,0.06796116504854369
0,P1: Comets2,lines,1883-02-01T00:00:00.000000,0.06060606060606061
0,P1: Comets2,lines,1883-03-01T00:00:00.000000,0.10588235294117647
0,P1: Comets2,lines,1883-04-01T00:00:00.000000,0.0625
0,P1: Comets2,lines,1883-05-01T00:00:00.000000,0.0
0,P1: Comets2,lines,1883-06-01T00:00:00.000000,0.034482758620689655
0,P1: Comets2,lines,1883-07-01T00:00:00.000000,0.04
0,P1: Comets2,lines,1883-08-01T00:00:00.000000,0.08928571428571429
0,P1: Comets2,lines,1883-09-01T00:00:00.000000,0.3088235294117647
0,P1: Comets2,lines,1883-10-01T00:00:00.000000,0.18181818181818182
0,P1: Comets2,lines,1883-11-01T00:00:00.000000,0.1111111111111111
0,P1: Comets2,lines,1883-12-01T00:00:00.000000,0.13178294573643412
0,P1: Comets2,lines,1884-01-01T00:00:00.000000,0.26785714285714285
0,P1: Comets2,lines,1884-02-01T00:00:00.000000,0.08163265306122448
0,P1: Comets2,lines,1884-03-01T00:00:00.000000,0.12121212121212122
0,P1: Comets2,lines,1884-04-01T00:00:00.000000,0.10638297872340426
0,P1: Comets2,lines,1884-05-01T00:00:00.000000,0.0
0,P1: Comets2,lines,1884-06-01T00:00:00.000000,0.13253012048192772
0,P1: Comets2,lines,1884-07-01T00:00:00.000000,0.2857142857142857
0,P1: Comets2,lines,1884-08-01T00:00:00.000000,0.058823529411764705
0,P1: Comets2,lines,1884-09-01T00:00:00.000000,0.018867924528301886
0,P1: Comets2,lines,1884-10-01T00:00:00.000000,0.06976744186046512
0,P1: Comets2,lines,1884-11-01T00:00:00.000000,0.2653061224489796
0,P1: Comets2,lines,1884-12-01T00:00:00.000000,0.05970149253731343
0,P1: Comets2,lines,1885-01-01T00:00:00.000000,0.08333333333333333
0,P1: Comets2,lines,1885-02-01T00:00:00.000000,0.034482758620689655
0,P1: Comets2,lines,1885-03-01T00:00:00.000000,0.038461538461538464
0,P1: Comets2,lines,1885-04-01T00:00:00.000000,0.10256410256410256
0,P1: Comets2,lines,1885-05-01T00:00:00.000000,0.02040816326530612
0,P1: Comets2,lines,1885-06-01T00:00:00.000000,0.0847457627118644
0,P1: Comets2,lines,1885-07-01T00:00:00.000000,0.02
0,P1: Comets2,lines,1885-08-01T00:00:00.000000,0.057692307692307696
0,P1: Comets2,lines,1885-09-01T00:00:00.000000,0.0196078431372549
0,P1: Comets2,lines,1885-10-01T00:00:00.000000,0.05128205128205128
0,P1: Comets2,lines,1885-11-01T00:00:00.000000,0.16923076923076924
0,P1: Comets2,lines,1885-12-01T00:00:00.000000,0.0
0,P1: Comets2,lines,1886-01-01T00:00:00.000000,0.022727272727272728
0,P1: Comets2,lines,1886-02-01T00:00:00.000000,0.2
0,P1: Comets2,lines,1886-03-01T00:00:00.000000,0.23809523809523808
0,P1: Comets2,lines,1886-04-01T00:00:00.000000,0.25806451612903225
0,P1: Comets2,lines,1886-05-01T00:00:00.000000,0.2
0,P1: Comets2,lines,1886-06-01T00:00:00.000000,0.13157894736842105
0,P1: Comets2,lines,1886-07-01T00:00:00.000000,0.09302325581395349
0,P1: Comets2,lines,1886-08-01T00:00:00.000000,0.03508771929824561
0,P1: Comets2,lines,1886-09-01T00:00:00.000000,0.04838709677419355
0,P1: Comets2,lines,1886-10-01T00:00:00.000000,0.13793103448275862
0,P1: Comets2,lines,1886-11-01T00:00:00.000000,0.11538461538461539
0,P1: Comets2,lines,1886-12-01T00:00:00.000000,0.07692307692307693
0,P1: Comets2,lines,1887-01-01T00:00:00.000000,0.08620689655172414
0,P1: Comets2,lines,1887-02-01T00:00:00.000000,0.061224489795918366
0,P1: Comets2,lines,1887-03-01T00:00:00.000000,0.058823529411764705
0,P1: Comets2,lines,1887-04-01T00:00:00.000000,0.0
0,P1: Comets2,lines,1887-05-01T00:00:00.000000,0.021505376344086023
0,P1: Comets2,lines,1887-06-01T00:00:00.000000,0.05555555555555555
0,P1: Comets2,lines,1887-07-01T00:00:00.000000,0.028169014084507043
0,P1: Comets2,lines,1887-08-01T00:00:00.000000,0.014285714285714285
0,P1: Comets2,lines,1887-09-01T00:00:00.000000,0.0
0,P1: Comets2,lines,1887-10-01T00:00:00.000000,0.06666666666666667
0,P1: Comets2,lines,1887-11-01T00:00:00.000000,0.05405405405405406
0,P1: Comets2,lines,1887-12-01T00:00:00.000000,0.08
0,P1: Comets2,lines,1888-01-01T00:00:00.000000,0.08536585365853659
0,P1: Comets2,lines,1888-02-01T00:00:00.000000,0.21428571428571427
0,P1: Comets2,lines,1888-03-01T00:00:00.000000,0.14754098360655737
0,P1: Comets2,lines,1888-04-01T00:00:00.000000,0.07142857142857142
0,P1: Comets2,lines,1888-05-01T00:00:00.000000,0.08196721311475409
0,P1: Comets2,lines,1888-06-01T00:00:00.000000,0.017543859649122806
0,P1: Comets2,lines,1888-07-01T00:00:00.000000,0.034482758620689655
0,P1: Comets2,lines,1888-08-01T00:00:00.000000,0.0847457627118644
0,P1: Comets2,lines,1888-09-01T00:00:00.000000,0.0784313725490196
0,P1: Comets2,lines,1888-10-01T00:00:00.000000,0.041666666666666664
0,P1: Comets2,lines,1888-11-01T00:00:00.000000,0.0
0,P1: Comets2,lines,1888-12-01T00:00:00.000000,0.06542056074766354
0,P1: Comets2,lines,1889-01-01T00:00:00.000000,0.0136986301369863
0,P1: Comets2,lines,1889-02-01T00:00:00.000000,0.03389830508474576
0,P1: Comets2,lines,1889-03-01T00:00:00.000000,0.04838709677419355
0,P1: Comets2,lines,1889-04-01T00:00:00.000000,0.10714285714285714
0,P1: Comets2,lines,1889-05-01T00:00:00.000000,0.01639344262295082
0,P1: Comets2,lines,1889-06-01T00:00:00.000000,0.016666666666666666
0,P1: Comets2,lines,1889-07-01T00:00:00.000000,0.06896551724137931
0,P1: Comets2,lines,1889-08-01T00:00:00.000000,0.10344827586206896
0,P1: Comets2,lines,1889-09-01T00:00:00.000000,0.014925373134328358
0,P1: Comets2,lines,1889-10-01T00:00:00.000000,0.0
0,P1: Comets2,lines,1889-11-01T00:00:00.000000,0.044444444444444446
0,P1: Comets2,lines,1889-12-01T00:00:00.000000,0.021052631578947368
0,P1: Comets2,lines,1890-01-01T00:00:00.000000,0.10909090909090909
0,P1: Comets2,lines,1890-02-01T00:00:00.000000,0.018867924528301886
0,P1: Comets2,lines,1890-03-01T00:00:00.000000,0.025974025974025976
0,P1: Comets2,lines,1890-04-01T00:00:00.000000,0.020833333333333332
0,P1: Comets2,lines,1890-05-01T00:00:00.000000,0.02564102564102564
0,P1: Comets2,lines,1890-06-01T00:00:00.000000,0.0
0,P1: Comets2,lines,1890-07-01T00:00:00.000000,0.08620689655172414
0,P1: Comets2,lines,1890-08-01T00:00:00.000000,0.03614457831325301
0,P1: Comets2,lines,1890-09-01T00:00:00.000000,0.0
0,P1: Comets2,lines,1890-10-01T00:00:00.000000,0.018691588785046728
0,P1: Comets2,lines,1890-11-01T00:00:00.000000,0.0
0,P1: Comets2,lines,1890-12-01T00:00:00.000000,0.0
0,P1: Comets2,lines,1891-01-01T00:00:00.000000,0.03571428571428571
0,P1: Comets2,lines,1891-02-01T00:00:00.000000,0.0
0,P1: Comets2,lines,1891-03-01T00:00:00.000000,0.0125
0,P1: Comets2,lines,1891-04-01T00:00:00.000000,0.06451612903225806
0,P1: Comets2,lines,1891-05-01T00:00:00.000000,0.030534351145038167
0,P1: Comets2,lines,1891-06-01T00:00:00.000000,0.012345679012345678
0,P1: Comets2,lines,1891-07-01T00:00:00.000000,0.012987012987012988
0,P1: Comets2,lines,1891-08-01T00:00:00.000000,0.028169014084507043
0,P1: Comets2,lines,1891-09-01T00:00:00.000000,0.04950495049504951
0,P1: Comets2,lines,1891-10-01T00:00:00.000000,0.07207207207207207
0,P1: Comets2,lines,1891-11-01T00:00:00.000000,0.04205607476635514
0,P1: Comets2,lines,1891-12-01T00:00:00.000000,0.014492753623188406
0,P1: Comets2,lines,1892-01-01T00:00:00.000000,0.014492753623188406
0,P1: Comets2,lines,1892-02-01T00:00:00.000000,0.02830188679245283
0,P1: Comets2,lines,1892-03-01T00:00:00.000000,0.0625
0,P1: Comets2,lines,1892-04-01T00:00:00.000000,0.046511627906976744
0,P1: Comets2,lines,1892-05-01T00:00:00.000000,0.058823529411764705
0,P1: Comets2,lines,1892-06-01T00:00:00.000000,0.04040404040404041
0,P1: Comets2,lines,1892-07-01T00:00:00.000000,0.017094017094017096
0,P1: Comets2,lines,1892-08-01T00:00:00.000000,0.01984126984126984
0,P1: Comets2,lines,1892-09-01T00:00:00.000000,0.013333333333333334
0,P1: Comets2,lines,1892-10-01T00:00:00.000000,0.029288702928870293
0,P1: Comets2,lines,1892-11-01T00:00:00.000000,0.5144927536231884
0,P1: Comets2,lines,1892-12-01T00:00:00.000000,0.15753424657534246
0,P1: Comets2,lines,1893-01-01T00:00:00.000000,0.15217391304347827
0,P1: Comets2,lines,1893-02-01T00:00:00.000000,0.07446808510638298
0,P1: Comets2,lines,1893-03-01T00:00:00.000000,0.02654867256637168
0,P1: Comets2,lines,1893-04-01T00:00:00.000000,0.024390243902439025
0,P1: Comets2,lines,1893-05-01T00:00:00.000000,0.06349206349206349
0,P1: Comets2,lines,1893-06-01T00:00:00.000000,0.01639344262295082
0,P1: Comets2,lines,1893-07-01T00:00:00.000000,0.2948717948717949
0,P1: Comets2,lines,1893-08-01T00:00:00.000000,0.08974358974358974
0,P1: Comets2,lines,1893-09-01T00:00:00.000000,0.16455696202531644
0,P1: Comets2,lines,1893-10-01T00:00:00.000000,0.08695652173913043
0,P1: Comets2,lines,1893-11-01T00:00:00.000000,0.06870229007633588
0,P1: Comets2,lines,1893-12-01T00:00:00.000000,0.034782608695652174
0,P1: Comets2,lines,1894-01-01T00:00:00.000000,0.0297029702970297
0,P1: Comets2,lines,1894-02-01T00:00:00.000000,0.04716981132075472
0,P1: Comets2,lines,1894-03-01T00:00:00.000000,0.0
0,P1: Comets2,lines,1894-04-01T00:00:00.000000,0.04807692307692308
0,P1: Comets2,lines,1894-05-01T00:00:00.000000,0.08791208791208792
0,P1: Comets2,lines,1894-06-01T00:00:00.000000,0.015151515151515152
0,P1: Comets2,lines,1894-07-01T00:00:00.000000,0.021505376344086023
0,P1: Comets2,lines,1894-08-01T00:00:00.000000,0.0
0,P1: Comets2,lines,1894-09-01T00:00:00.000000,0.030864197530864196
0,P1: Comets2,lines,1894-10-01T00:00:00.000000,0.07476635514018691
0,P1: Comets2,lines,1894-11-01T00:00:00.000000,0.0783132530120482
0,P1: Comets2,lines,1894-12-01T00:00:00.000000,0.10679611650485436
0,P1: Comets2,lines,1895-01-01T00:00:00.000000,0.0945945945945946
0,P1: Comets2,lines,1895-02-01T00:00:00.000000,0.037037037037037035
0,P1: Comets2,lines,1895-03-01T00:00:00.000000,0.03286384976525822
0,P1: Comets2,lines,1895-04-01T00:00:00.000000,0.04032258064516129
0,P1: Comets2,lines,1895-05-01T00:00:00.000000,0.044642857142857144
0,P1: Comets2,lines,1895-06-01T00:00:00.000000,0.026785714285714284
0,P1: Comets2,lines,1895-07-01T00:00:00.000000,0.017543859649122806
0,P1: Comets2,lines,1895-08-01T00:00:00.000000,0.04132231404958678
0,P1: Comets2,lines,1895-09-01T00:00:00.000000,0.05517241379310345
0,P1: Comets2,lines,1895-10-01T00:00:00.000000,0.0847457627118644
0,P1: Comets2,lines,1895-11-01T00:00:00.000000,0.1
0,P1: Comets2,lines,1895-12-01T00:00:00.000000,0.02830188679245283
0,P1: Comets2,lines,1896-01-01T00:00:00.000000,0.013888888888888888
0,P1: Comets2,lines,1896-02-01T00:00:00.000000,0.1111111111111111
0,P1: Comets2,lines,1896-03-01T00:00:00.000000,0.16556291390728478
0,P1: Comets2,lines,1896-04-01T00:00:00.000000,0.036585365853658534
0,P1: Comets2,lines,1896-05-01T00:00:00.000000,0.0
0,P1: Comets2,lines,1896-06-01T00:00:00.000000,0.028037383177570093
0,P1: Comets2,lines,1896-07-01T00:00:00.000000,0.05343511450381679
0,P1: Comets2,lines,1896-08-01T00:00:00.000000,0.026737967914438502
0,P1: Comets2,lines,1896-09-01T00:00:00.000000,0.010638297872340425
0,P1: Comets2,lines,1896-10-01T00:00:00.000000,0.04201680672268908
0,P1: Comets2,lines,1896-11-01T00:00:00.000000,0.041025641025641026
0,P1: Comets2,lines,1896-12-01T00:00:00.000000,0.024793388429752067
0,P1: Comets2,lines,1897-01-01T00:00:00.000000,0.01282051282051282
0,P1: Comets2,lines,1897-02-01T00:00:00.000000,0.016129032258064516
0,P1: Comets2,lines,1897-03-01T00:00:00.000000,0.0
0,P1: Comets2,lines,1897-04-01T00:00:00.000000,0.07228915662650602
0,P1: Comets2,lines,1897-05-01T00:00:00.000000,0.05970149253731343
0,P1: Comets2,lines,1897-06-01T00:00:00.000000,0.0440251572327044
0,P1: Comets2,lines,1897-07-01T00:00:00.000000,0.005376344086021506
0,P1: Comets2,lines,1897-08-01T00:00:00.000000,0.017391304347826087
0,P1: Comets2,lines,1897-09-01T00:00:00.000000,0.012195121951219513
0,P1: Comets2,lines,1897-10-01T00:00:00.000000,0.019230769230769232
0,P1: Comets2,lines,1897-11-01T00:00:00.000000,0.11214953271028037
0,P1: Comets2,lines,1897-12-01T00:00:00.000000,0.0851063829787234
0,P1: Comets2,lines,1898-01-01T00:00:00.000000,0.032520325203252036
0,P1: Comets2,lines,1898-02-01T00:00:00.000000,0.051470588235294115
0,P1: Comets2,lines,1898-03-01T00:00:00.000000,0.0234375
0,P1: Comets2,lines,1898-04-01T00:00:00.000000,0.010638297872340425
0,P1: Comets2,lines,1898-05-01T00:00:00.000000,0.017857142857142856
0,P1: Comets2,lines,1898-06-01T00:00:00.000000,0.06578947368421052
0,P1: Comets2,lines,1898-07-01T00:00:00.000000,0.022988505747126436
0,P1: Comets2,lines,1898-08-01T00:00:00.000000,0.06382978723404255
0,P1: Comets2,lines,1898-09-01T00:00:00.000000,0.058823529411764705
0,P1: Comets2,lines,1898-10-01T00:00:00.000000,0.23809523809523808
0,P1: Comets2,lines,1898-11-01T00:00:00.000000,0.18571428571428572
0,P1: Comets2,lines,1898-12-01T00:00:00.000000,0.08461538461538462
0,P1: Comets2,lines,1899-01-01T00:00:00.000000,0.06382978723404255
0,P1: Comets2,lines,1899-02-01T00:00:00.000000,0.012987012987012988
0,P1: Comets2,lines,1899-03-01T00:00:00.000000,0.10784313725490197
0,P1: Comets2,lines,1899-04-01T00:00:00.000000,0.06363636363636363
0,P1: Comets2,lines,1899-05-01T00:00:00.000000,0.06666666666666667
0,P1: Comets2,lines,1899-06-01T00:00:00.000000,0.04878048780487805
0,P1: Comets2,lines,1899-07-01T00:00:00.000000,0.011494252873563218
0,P1: Comets2,lines,1899-08-01T00:00:00.000000,0.028846153846153848
0,P1: Comets2,lines,1899-09-01T00:00:00.000000,0.0
0,P1: Comets2,lines,1899-10-01T00:00:00.000000,0.15602836879432624
0,P1: Comets2,lines,1899-11-01T00:00:00.000000,0.12692307692307692
0,P1: Comets2,lines,1899-12-01T00:00:00.000000,0.03278688524590164
0,P1: Comets2,lines,1900-01-01T00:00:00.000000,0.0379746835443038
0,P1: Comets2,lines,1900-02-01T00:00:00.000000,0.015625
0,P1: Comets2,lines,1900-03-01T00:00:00.000000,0.03773584905660377
0,P1: Comets2,lines,1900-04-01T00:00:00.000000,0.02158273381294964
0,P1: Comets2,lines,1900-05-01T00:00:00.000000,0.008450704225352112
0,P1: Comets2,lines,1900-06-01T00:00:00.000000,0.008849557522123894
0,P1: Comets2,lines,1900-07-01T00:00:00.000000,0.08235294117647059
0,P1: Comets2,lines,1900-08-01T00:00:00.000000,0.061224489795918366
0,P1: Comets2,lines,1900-09-01T00:00:00.000000,0.13432835820895522
0,P1: Comets2,lines,1900-10-01T00:00:00.000000,0.04054054054054054
0,P1: Comets2,lines,1900-11-01T00:00:00.000000,0.05426356589147287
0,P1: Comets2,lines,1900-12-01T00:00:00.000000,0.033112582781456956
0,P1: Comets2,lines,1901-01-01T00:00:00.000000,0.014150943396226415
0,P1: Comets2,lines,1901-02-01T00:00:00.000000,0.03225806451612903
0,P1: Comets2,lines,1901-03-01T00:00:00.000000,0.05263157894736842
0,P1: Comets2,lines,1901-04-01T00:00:00.000000,0.0425531914893617
0,P1: Comets2,lines,1901-05-01T00:00:00.000000,0.09009009009009009
0,P1: Comets2,lines,1901-06-01T00:00:00.000000,0.01948051948051948
0,P1: Comets2,lines,1901-07-01T00:00:00.000000,0.01098901098901099
0,P1: Comets2,lines,1901-08-01T00:00:00.000000,0.017241379310344827
0,P1: Comets2,lines,1901-09-01T00:00:00.000000,0.010638297872340425
0,P1: Comets2,lines,1901-10-01T00:00:00.000000,0.09375
0,P1: Comets2,lines,1901-11-01T00:00:00.000000,0.08695652173913043
0,P1: Comets2,lines,1901-12-01T00:00:00.000000,0.005813953488372093
0,P1: Comets2,lines,1902-01-01T00:00:00.000000,0.0
0,P1: Comets2,lines,1902-02-01T00:00:00.000000,0.01818181818181818
0,P1: Comets2,lines,1902-03-01T00:00:00.000000,0.0
0,P1: Comets2,lines,1902-04-01T00:00:00.000000,0.025974025974025976
0,P1: Comets2,lines,1902-05-01T00:00:00.000000,0.06451612903225806
0,P1: Comets2,lines,1902-06-01T00:00:00.000000,0.02
0,P1: Comets2,lines,1902-07-01T00:00:00.000000,0.01639344262295082
0,P1: Comets2,lines,1902-08-01T00:00:00.000000,0.008
0,P1: Comets2,lines,1902-09-01T00:00:00.000000,0.0603448275862069
0,P1: Comets2,lines,1902-10-01T00:00:00.000000,0.11560693641618497
0,P1: Comets2,lines,1902-11-01T00:00:00.000000,0.16483516483516483
0,P1: Comets2,lines,1902-12-01T00:00:00.000000,0.03076923076923077
0,P1: Comets2,lines,1903-01-01T00:00:00.000000,0.03571428571428571
0,P1: Comets2,lines,1903-02-01T00:00:00.000000,0.01639344262295082
0,P1: Comets2,lines,1903-03-01T00:00:00.000000,0.07758620689655173
0,P1: Comets2,lines,1903-04-01T00:00:00.000000,0.0603448275862069
0,P1: Comets2,lines,1903-05-01T00:00:00.000000,0.06862745098039216
0,P1: Comets2,lines,1903-06-01T00:00:00.000000,0.11764705882352941
0,P1: Comets2,lines,1903-07-01T00:00:00.000000,0.30612244897959184
0,P1: Comets2,lines,1903-08-01T00:00:00.000000,0.23448275862068965
0,P1: Comets2,lines,1903-09-01T00:00:00.000000,0.18666666666666668
0,P1: Comets2,lines,1903-10-01T00:00:00.000000,0.18181818181818182
0,P1: Comets2,lines,1903-11-01T00:00:00.000000,0.044444444444444446
0,P1: Comets2,lines,1903-12-01T00:00:00.000000,0.036585365853658534
0,P1: Comets2,lines,1904-01-01T00:00:00.000000,0.06593406593406594
0,P1: Comets2,lines,1904-02-01T00:00:00.000000,0.017241379310344827
0,P1: Comets2,lines,1904-03-01T00:00:00.000000,0.0
0,P1: Comets2,lines,1904-04-01T00:00:00.000000,0.061224489795918366
0,P1: Comets2,lines,1904-05-01T00:00:00.000000,0.016666666666666666
0,P1: Comets2,lines,1904-06-01T00:00:00.000000,0.0
0,P1: Comets2,lines,1904-07-01T00:00:00.000000,0.024691358024691357
0,P1: Comets2,lines,1904-08-01T00:00:00.000000,0.028985507246376812
0,P1: Comets2,lines,1904-09-01T00:00:00.000000,0.022988505747126436
0,P1: Comets2,lines,1904-10-01T00:00:00.000000,0.0
0,P1: Comets2,lines,1904-11-01T00:00:00.000000,0.009900990099009901
0,P1: Comets2,lines,1904-12-01T00:00:00.000000,0.016
0,P1: Comets2,lines,1905-01-01T00:00:00.000000,0.00641025641025641
0,P1: Comets2,lines,1905-02-01T00:00:00.000000,0.0425531914893617
0,P1: Comets2,lines,1905-03-01T00:00:00.000000,0.0
0,P1: Comets2,lines,1905-04-01T00:00:00.000000,0.008849557522123894
0,P1: Comets2,lines,1905-05-01T00:00:00.000000,0.014814814814814815
0,P1: Comets2,lines,1905-06-01T00:00:00.000000,0.0
0,P1: Comets2,lines,1905-07-01T00:00:00.000000,0.0
0,P1: Comets2,lines,1905-08-01T00:00:00.000000,0.0
0,P1: Comets2,lines,1905-09-01T00:00:00.000000,0.007352941176470588
0,P1: Comets2,lines,1905-10-01T00:00:00.000000,0.0058823529411764705
0,P1: Comets2,lines,1905-11-01T00:00:00.000000,0.015037593984962405
0,P1: Comets2,lines,1905-12-01T00:00:00.000000,0.04054054054054054
0,P1: Comets2,lines,1906-01-01T00:00:00.000000,0.0
0,P1: Comets2,lines,1906-02-01T00:00:00.000000,0.022099447513812154
0,P1: Comets2,lines,1906-03-01T00:00:00.000000,0.0
0,P1: Comets2,lines,1906-04-01T00:00:00.000000,0.013816925734024179
0,P1: Comets2,lines,1906-05-01T00:00:00.000000,0.0
0,P1: Comets2,lines,1906-06-01T00:00:00.000000,0.0
0,P1: Comets2,lines,1906-07-01T00:00:00.000000,0.015625
0,P1: Comets2,lines,1906-08-01T00:00:00.000000,0.05263157894736842
0,P1: Comets2,lines,1906-09-01T00:00:00.000000,0.02702702702702703
0,P1: Comets2,lines,1906-10-01T00:00:00.000000,0.005952380952380952
0,P1: Comets2,lines,1906-11-01T00:00:00.000000,0.042105263157894736
0,P1: Comets2,lines,1906-12-01T00:00:00.000000,0.020618556701030927
0,P1: Comets2,lines,1907-01-01T00:00:00.000000,0.02158273381294964
0,P1: Comets2,lines,1907-02-01T00:00:00.000000,0.06060606060606061
0,P1: Comets2,lines,1907-03-01T00:00:00.000000,0.0784313725490196
0,P1: Comets2,lines,1907-04-01T00:00:00.000000,0.12173913043478261
0,P1: Comets2,lines,1907-05-01T00:00:00.000000,0.03875968992248062
0,P1: Comets2,lines,1907-06-01T00:00:00.000000,0.08484848484848485
0,P1: Comets2,lines,1907-07-01T00:00:00.000000,0.01020408163265306
0,P1: Comets2,lines,1907-08-01T00:00:00.000000,0.11055276381909548
0,P1: Comets2,lines,1907-09-01T00:00:00.000000,0.08648648648648649
0,P1: Comets2,lines,1907-10-01T00:00:00.000000,0.08441558441558442
0,P1: Comets2,lines,1907-11-01T00:00:00.000000,0.026881720430107527
0,P1: Comets2,lines,1907-12-01T00:00:00.000000,0.03076923076923077
0,P1: Comets2,lines,1908-01-01T00:00:00.000000,0.01694915254237288
0,P1: Comets2,lines,1908-02-01T00:00:00.000000,0.03333333333333333
0,P1: Comets2,lines,1908-03-01T00:00:00.000000,0.03571428571428571
0,P1: Comets2,lines,1908-04-01T00:00:00.000000,0.009174311926605505
0,P1: Comets2,lines,1908-05-01T00:00:00.000000,0.0
0,P1: Comets2,lines,1908-06-01T00:00:00.000000,0.010638297872340425
0,P1: Comets2,lines,1908-07-01T00:00:00.000000,0.027777777777777776
0,P1: Comets2,lines,1908-08-01T00:00:00.000000,0.029411764705882353
0,P1: Comets2,lines,1908-09-01T00:00:00.000000,0.15384615384615385
0,P1: Comets2,lines,1908-10-01T00:00:00.000000,0.25263157894736843
0,P1: Comets2,lines,1908-11-01T00:00:00.000000,0.10919540229885058
0,P1: Comets2,lines,1908-12-01T00:00:00.000000,0.02912621359223301
0,P1: Comets2,lines,1909-01-01T00:00:00.000000,0.04242424242424243
0,P1: Comets2,lines,1909-02-01T00:00:00.000000,0.1206896551724138
0,P1: Comets2,lines,1909-03-01T00:00:00.000000,0.037037037037037035
0,P1: Comets2,lines,1909-04-01T00:00:00.000000,0.011494252873563218
0,P1: Comets2,lines,1909-05-01T00:00:00.000000,0.06557377049180328
0,P1: Comets2,lines,1909-06-01T00:00:00.000000,0.06666666666666667
0,P1: Comets2,lines,1909-07-01T00:00:00.000000,0.038461538461538464
0,P1: Comets2,lines,1909-08-01T00:00:00.000000,0.07384615384615385
0,P1: Comets2,lines,1909-09-01T00:00:00.000000,0.09862385321100918
0,P1: Comets2,lines,1909-10-01T00:00:00.000000,0.1781609195402299
0,P1: Comets2,lines,1909-11-01T00:00:00.000000,0.18990384615384615
0,P1: Comets2,lines,1909-12-01T00:00:00.000000,0.3276595744680851
0,P1: Comets2,lines,1910-01-01T00:00:00.000000,0.35412026726057905
0,P1: Comets2,lines,1910-02-01T00:00:00.000000,0.3706896551724138
0,P1: Comets2,lines,1910-03-01T00:00:00.000000,0.375
0,P1: Comets2,lines,1910-04-01T00:00:00.000000,0.4565619223659889
0,P1: Comets2,lines,1910-05-01T00:00:00.000000,0.6104844061048441
0,P1: Comets2,lines,1910-06-01T00:00:00.000000,0.17391304347826086
0,P1: Comets2,lines,1910-07-01T00:00:00.000000,0.1308016877637131
0,P1: Comets2,lines,1910-08-01T00:00:00.000000,0.15853658536585366
0,P1: Comets2,lines,1910-09-01T00:00:00.000000,0.042105263157894736
0,P1: Comets2,lines,1910-10-01T00:00:00.000000,0.058823529411764705
0,P1: Comets2,lines,1910-11-01T00:00:00.000000,0.03968253968253968
0,P1: Comets2,lines,1910-12-01T00:00:00.000000,0.08771929824561403
0,P1: Comets2,lines,1911-01-01T00:00:00.000000,0.041666666666666664
0,P1: Comets2,lines,1911-02-01T00:00:00.000000,0.008771929824561403
0,P1: Comets2,lines,1911-03-01T00:00:00.000000,0.0
0,P1: Comets2,lines,1911-04-01T00:00:00.000000,0.057692307692307696
0,P1: Comets2,lines,1911-05-01T00:00:00.000000,0.0970873786407767
0,P1: Comets2,lines,1911-06-01T00:00:00.000000,0.16455696202531644
0,P1: Comets2,lines,1911-07-01T00:00:00.000000,0.13392857142857142
0,P1: Comets2,lines,1911-08-01T00:00:00.000000,0.1111111111111111
0,P1: Comets2,lines,1911-09-01T00:00:00.000000,0.15841584158415842
0,P1: Comets2,lines,1911-10-01T00:00:00.000000,0.21839080459770116
0,P1: Comets2,lines,1911-11-01T00:00:00.000000,0.061224489795918366
0,P1: Comets2,lines,1911-12-01T00:00:00.000000,0.05555555555555555
0,P1: Comets2,lines,1912-01-01T00:00:00.000000,0.04918032786885246
0,P1: Comets2,lines,1912-02-01T00:00:00.000000,0.018691588785046728
0,P1: Comets2,lines,1912-03-01T00:00:00.000000,0.02857142857142857
0,P1: Comets2,lines,1912-04-01T00:00:00.000000,0.010101010101010102
0,P1: Comets2,lines,1912-05-01T00:00:00.000000,0.012987012987012988
0,P1: Comets2,lines,1912-06-01T00:00:00.000000,0.021739130434782608
0,P1: Comets2,lines,1912-07-01T00:00:00.000000,0.08
0,P1: Comets2,lines,1912-08-01T00:00:00.000000,0.0847457627118644
0,P1: Comets2,lines,1912-09-01T00:00:00.000000,0.038461538461538464
0,P1: Comets2,lines,1912-10-01T00:00:00.000000,0.046511627906976744
0,P1: Comets2,lines,1912-11-01T00:00:00.000000,0.05970149253731343
0,P1: Comets2,lines,1912-12-01T00:00:00.000000,0.057692307692307696
0,P1: Comets2,lines,1913-01-01T00:00:00.000000,0.010101010101010102
0,P1: Comets2,lines,1913-02-01T00:00:00.000000,0.008264462809917356
0,P1: Comets2,lines,1913-03-01T00:00:00.000000,0.025974025974025976
0,P1: Comets2,lines,1913-04-01T00:00:00.000000,0.0
0,P1: Comets2,lines,1913-05-01T00:00:00.000000,0.05813953488372093
0,P1: Comets2,lines,1913-06-01T00:00:00.000000,0.04395604395604396
0,P1: Comets2,lines,1913-07-01T00:00:00.000000,0.05194805194805195
0,P1: Comets2,lines,1913-08-01T00:00:00.000000,0.025210084033613446
0,P1: Comets2,lines,1913-09-01T00:00:00.000000,0.08771929824561403
0,P1: Comets2,lines,1913-10-01T00:00:00.000000,0.16521739130434782
0,P1: Comets2,lines,1913-11-01T00:00:00.000000,0.028735632183908046
0,P1: Comets2,lines,1913-12-01T00:00:00.000000,0.0
0,P1: Comets2,lines,1914-01-01T00:00:00.000000,0.04950495049504951
0,P1: Comets2,lines,1914-02-01T00:00:00.000000,0.1721311475409836
0,P1: Comets2,lines,1914-03-01T00:00:00.000000,0.03111111111111111
0,P1: Comets2,lines,1914-04-01T00:00:00.000000,0.047619047619047616
0,P1: Comets2,lines,1914-05-01T00:00:00.000000,0.016666666666666666
0,P1: Comets2,lines,1914-06-01T00:00:00.000000,0.07446808510638298
0,P1: Comets2,lines,1914-07-01T00:00:00.000000,0.030303030303030304
0,P1: Comets2,lines,1914-08-01T00:00:00.000000,0.08609271523178808
0,P1: Comets2,lines,1914-09-01T00:00:00.000000,0.11494252873563218
0,P1: Comets2,lines,1914-10-01T00:00:00.000000,0.16417910447761194
0,P1: Comets2,lines,1914-11-01T00:00:00.000000,0.08955223880597014
0,P1: Comets2,lines,1914-12-01T00:00:00.000000,0.041666666666666664
0,P1: Comets2,lines,1915-01-01T00:00:00.000000,0.0625
0,P1: Comets2,lines,1915-02-01T00:00:00.000000,0.014705882352941176
0,P1: Comets2,lines,1915-03-01T00:00:00.000000,0.08196721311475409
0,P1: Comets2,lines,1915-04-01T00:00:00.000000,0.057692307692307696
0,P1: Comets2,lines,1915-05-01T00:00:00.000000,0.047058823529411764
0,P1: Comets2,lines,1915-06-01T00:00:00.000000,0.05263157894736842
0,P1: Comets2,lines,1915-07-01T00:00:00.000000,0.031746031746031744
0,P1: Comets2,lines,1915-08-01T00:00:00.000000,0.07954545454545454
0,P1: Comets2,lines,1915-09-01T00:00:00.000000,0.125
0,P1: Comets2,lines,1915-10-01T00:00:00.000000,0.04201680672268908
0,P1: Comets2,lines,1915-11-01T00:00:00.000000,0.07228915662650602
0,P1: Comets2,lines,1915-12-01T00:00:00.000000,0.056074766355140186
0,P1: Comets2,lines,1916-01-01T00:00:00.000000,0.016666666666666666
0,P1: Comets2,lines,1916-02-01T00:00:00.000000,0.02054794520547945
0,P1: Comets2,lines,1916-03-01T00:00:00.000000,0.0449438202247191
0,P1: Comets2,lines,1916-04-01T00:00:00.000000,0.010101010101010102
0,P1: Comets2,lines,1916-05-01T00:00:00.000000,0.012987012987012988
0,P1: Comets2,lines,1916-06-01T00:00:00.000000,0.0
0,P1: Comets2,lines,1916-07-01T00:00:00.000000,0.026785714285714284
0,P1: Comets2,lines,1916-08-01T00:00:00.000000,0.0392156862745098
0,P1: Comets2,lines,1916-09-01T00:00:00.000000,0.0
0,P1: Comets2,lines,1916-10-01T00:00:00.000000,0.014084507042253521
0,P1: Comets2,lines,1916-11-01T00:00:00.000000,0.0761904761904762
0,P1: Comets2,lines,1916-12-01T00:00:00.000000,0.16494845360824742
0,P1: Comets2,lines,1917-01-01T00:00:00.000000,0.14655172413793102
0,P1: Comets2,lines,1917-02-01T00:00:00.000000,0.07058823529411765
0,P1: Comets2,lines,1917-03-01T00:00:00.000000,0.031746031746031744
0,P1: Comets2,lines,1917-04-01T00:00:00.000000,0.16393442622950818
0,P1: Comets2,lines,1917-05-01T00:00:00.000000,0.05555555555555555
0,P1: Comets2,lines,1917-06-01T00:00:00.000000,0.1282051282051282
0,P1: Comets2,lines,1917-07-01T00:00:00.000000,0.12962962962962962
0,P1: Comets2,lines,1917-08-01T00:00:00.000000,0.07407407407407407
0,P1: Comets2,lines,1917-09-01T00:00:00.000000,0.0547945205479452
0,P1: Comets2,lines,1917-10-01T00:00:00.000000,0.016129032258064516
0,P1: Comets2,lines,1917-11-01T00:00:00.000000,0.1
0,P1: Comets2,lines,1917-12-01T00:00:00.000000,0.03125
0,P1: Comets2,lines,1918-01-01T00:00:00.000000,0.078125
0,P1: Comets2,lines,1918-02-01T00:00:00.000000,0.017857142857142856
0,P1: Comets2,lines,1918-03-01T00:00:00.000000,0.0
0,P1: Comets2,lines,1918-04-01T00:00:00.000000,0.02702702702702703
0,P1: Comets2,lines,1918-05-01T00:00:00.000000,0.02830188679245283
0,P1: Comets2,lines,1918-06-01T00:00:00.000000,0.0
0,P1: Comets2,lines,1918-07-01T00:00:00.000000,0.0
0,P1: Comets2,lines,1918-08-01T00:00:00.000000,0.0
0,P1: Comets2,lines,1918-09-01T00:00:00.000000,0.0
0,P1: Comets2,lines,1918-10-01T00:00:00.000000,0.0
0,P1: Comets2,lines,1918-11-01T00:00:00.000000,0.03125
0,P1: Comets2,lines,1918-12-01T00:00:00.000000,0.01639344262295082
0,P1: Comets2,lines,1919-01-01T00:00:00.000000,0.0
0,P1: Comets2,lines,1919-02-01T00:00:00.000000,0.02857142857142857
0,P1: Comets2,lines,1919-03-01T00:00:00.000000,0.0
0,P1: Comets2,lines,1919-04-01T00:00:00.000000,0.04819277108433735
0,P1: Comets2,lines,1919-05-01T00:00:00.000000,0.028169014084507043
0,P1: Comets2,lines,1919-06-01T00:00:00.000000,0.0
0,P1: Comets2,lines,1919-07-01T00:00:00.000000,0.0
0,P1: Comets2,lines,1919-08-01T00:00:00.000000,0.012987012987012988
0,P1: Comets2,lines,1919-09-01T00:00:00.000000,0.09433962264150944
0,P1: Comets2,lines,1919-10-01T00:00:00.000000,0.014388489208633094
0,P1: Comets2,lines,1919-11-01T00:00:00.000000,0.014492753623188406
0,P1: Comets2,lines,1919-12-01T00:00:00.000000,0.04568527918781726
0,P1: Comets2,lines,1920-01-01T00:00:00.000000,0.009569377990430622
0,P1: Comets2,lines,1920-02-01T00:00:00.000000,0.009216589861751152
0,P1: Comets2,lines,1920-03-01T00:00:00.000000,0.0078125
0,P1: Comets2,lines,1920-04-01T00:00:00.000000,0.0
0,P1: Comets2,lines,1920-05-01T00:00:00.000000,0.0
0,P1: Comets2,lines,1920-06-01T00:00:00.000000,0.0
0,P1: Comets2,lines,1920-07-01T00:00:00.000000,0.013333333333333334
0,P1: Comets2,lines,1920-08-01T00:00:00.000000,0.019801980198019802
0,P1: Comets2,lines,1920-09-01T00:00:00.000000,0.013513513513513514
0,P1: Comets2,lines,1920-10-01T00:00:00.000000,0.05172413793103448
0,P1: Comets2,lines,1920-11-01T00:00:00.000000,0.02857142857142857
0,P1: Comets2,lines,1920-12-01T00:00:00.000000,0.06349206349206349
0,P1: Comets2,lines,1921-01-01T00:00:00.000000,0.031914893617021274
0,P1: Comets2,lines,1921-02-01T00:00:00.000000,0.06140350877192982
0,P1: Comets2,lines,1921-03-01T00:00:00.000000,0.02631578947368421
0,P1: Comets2,lines,1921-04-01T00:00:00.000000,0.0641025641025641
0,P1: Comets2,lines,1921-05-01T00:00:00.000000,0.10714285714285714
0,P1: Comets2,lines,1921-06-01T00:00:00.000000,0.4041095890410959
0,P1: Comets2,lines,1921-07-01T00:00:00.000000,0.08275862068965517
0,P1: Comets2,lines,1921-08-01T00:00:00.000000,0.050505050505050504
0,P1: Comets2,lines,1921-09-01T00:00:00.000000,0.019736842105263157
0,P1: Comets2,lines,1921-10-01T00:00:00.000000,0.01818181818181818
0,P1: Comets2,lines,1921-11-01T00:00:00.000000,0.00980392156862745
0,P1: Comets2,lines,1921-12-01T00:00:00.000000,0.01652892561983471
0,P1: Comets2,lines,1922-01-01T00:00:00.000000,0.05389221556886228
0,P1: Comets2,lines,1922-02-01T00:00:00.000000,0.04878048780487805
0,P1: Comets2,lines,1922-03-01T00:00:00.000000,0.0
0,P1: Comets2,lines,1922-04-01T00:00:00.000000,0.04
0,P1: Comets2,lines,1922-05-01T00:00:00.000000,0.006756756756756757
0,P1: Comets2,lines,1922-06-01T00:00:00.000000,0.010752688172043012
0,P1: Comets2,lines,1922-07-01T00:00:00.000000,0.005988023952095809
0,P1: Comets2,lines,1922-08-01T00:00:00.000000,0.0
0,P1: Comets2,lines,1922-09-01T00:00:00.000000,0.019417475728155338
0,P1: Comets2,lines,1922-10-01T00:00:00.000000,0.02
0,P1: Comets2,lines,1922-11-01T00:00:00.000000,0.05102040816326531
0,P1: Comets2,lines,1922-12-01T00:00:00.000000,0.037037037037037035
0,P1: Comets2,lines,1923-01-01T00:00:00.000000,0.016666666666666666
0,P1: Comets2,lines,1923-02-01T00:00:00.000000,0.016666666666666666
0,P1: Comets2,lines,1923-03-01T00:00:00.000000,0.045454545454545456
0,P1: Comets2,lines,1923-04-01T00:00:00.000000,0.0
0,P1: Comets2,lines,1923-05-01T00:00:00.000000,0.0
0,P1: Comets2,lines,1923-06-01T00:00:00.000000,0.0
0,P1: Comets2,lines,1923-07-01T00:00:00.000000,0.0
0,P1: Comets2,lines,1923-08-01T00:00:00.000000,0.023255813953488372
0,P1: Comets2,lines,1923-09-01T00:00:00.000000,0.043478260869565216
0,P1: Comets2,lines,1923-10-01T00:00:00.000000,0.041666666666666664
0,P1: Comets2,lines,1923-11-01T00:00:00.000000,0.03571428571428571
0,P1: Comets2,lines,1923-12-01T00:00:00.000000,0.05555555555555555
0,P1: Comets2,lines,1924-01-01T00:00:00.000000,0.016129032258064516
0,P1: Comets2,lines,1924-02-01T00:00:00.000000,0.0
0,P1: Comets2,lines,1924-03-01T00:00:00.000000,0.0
0,P1: Comets2,lines,1924-04-01T00:00:00.000000,0.07142857142857142
0,P1: Comets2,lines,1924-05-01T00:00:00.000000,0.0
0,P1: Comets2,lines,1924-06-01T00:00:00.000000,0.0
0,P1: Comets2,lines,1924-07-01T00:00:00.000000,0.0
0,P1: Comets2,lines,1924-08-01T00:00:00.000000,0.00390625
0,P1: Comets2,lines,1924-09-01T00:00:00.000000,0.0
0,P1: Comets2,lines,1924-10-01T00:00:00.000000,0.05405405405405406
0,P1: Comets2,lines,1924-11-01T00:00:00.000000,0.013157894736842105
0,P1: Comets2,lines,1924-12-01T00:00:00.000000,0.014925373134328358
0,P1: Comets2,lines,1925-01-01T00:00:00.000000,0.014388489208633094
0,P1: Comets2,lines,1925-02-01T00:00:00.000000,0.0
0,P1: Comets2,lines,1925-03-01T00:00:00.000000,0.08
0,P1: Comets2,lines,1925-04-01T00:00:00.000000,0.038461538461538464
0,P1: Comets2,lines,1925-05-01T00:00:00.000000,0.09523809523809523
0,P1: Comets2,lines,1925-06-01T00:00:00.000000,0.02857142857142857
0,P1: Comets2,lines,1925-07-01T00:00:00.000000,0.0
0,P1: Comets2,lines,1925-08-01T00:00:00.000000,0.0
0,P1: Comets2,lines,1925-09-01T00:00:00.000000,0.075
0,P1: Comets2,lines,1925-10-01T00:00:00.000000,0.0
0,P1: Comets2,lines,1925-11-01T00:00:00.000000,0.09090909090909091
0,P1: Comets2,lines,1925-12-01T00:00:00.000000,0.0975609756097561
0,P1: Comets2,lines,1926-01-01T00:00:00.000000,0.125
0,P1: Comets2,lines,1926-02-01T00:00:00.000000,0.07407407407407407
0,P1: Comets2,lines,1926-03-01T00:00:00.000000,0.030303030303030304
0,P1: Comets2,lines,1926-04-01T00:00:00.000000,0.12903225806451613
0,P1: Comets2,lines,1926-05-01T00:00:00.000000,0.07142857142857142
0,P1: Comets2,lines,1926-06-01T00:00:00.000000,0.041666666666666664
0,P1: Comets2,lines,1926-07-01T00:00:00.000000,0.0
0,P1: Comets2,lines,1926-08-01T00:00:00.000000,0.029411764705882353
0,P1: Comets2,lines,1926-09-01T00:00:00.000000,0.0
0,P1: Comets2,lines,1926-10-01T00:00:00.000000,0.0
0,P1: Comets2,lines,1926-11-01T00:00:00.000000,0.025
0,P1: Comets2,lines,1926-12-01T00:00:00.000000,0.023255813953488372
0,P1: Comets2,lines,1927-01-01T00:00:00.000000,0.03125
0,P1: Comets2,lines,1927-02-01T00:00:00.000000,0.03333333333333333
0,P1: Comets2,lines,1927-03-01T00:00:00.000000,0.0
0,P1: Comets2,lines,1927-04-01T00:00:00.000000,0.1
0,P1: Comets2,lines,1927-05-01T00:00:00.000000,0.1951219512195122
0,P1: Comets2,lines,1927-06-01T00:00:00.000000,0.3392857142857143
0,P1: Comets2,lines,1927-07-01T00:00:00.000000,0.0
0,P1: Comets2,lines,1927-08-01T00:00:00.000000,0.0
0,P1: Comets2,lines,1927-09-01T00:00:00.000000,0.0
0,P1: Comets2,lines,1927-10-01T00:00:00.000000,0.14285714285714285
0,P1: Comets2,lines,1927-11-01T00:00:00.000000,0.0
0,P1: Comets2,lines,1927-12-01T00:00:00.000000,0.045454545454545456
0,P1: Comets2,lines,1928-01-01T00:00:00.000000,0.030303030303030304
0,P1: Comets2,lines,1928-02-01T00:00:00.000000,0.05714285714285714
0,P1: Comets2,lines,1928-03-01T00:00:00.000000,0.0
0,P1: Comets2,lines,1928-04-01T00:00:00.000000,0.0
0,P1: Comets2,lines,1928-05-01T00:00:00.000000,0.0
0,P1: Comets2,lines,1928-06-01T00:00:00.000000,0.0
0,P1: Comets2,lines,1928-07-01T00:00:00.000000,0.0
0,P1: Comets2,lines,1928-08-01T00:00:00.000000,0.0
0,P1: Comets2,lines,1928-09-01T00:00:00.000000,0.06666666666666667
0,P1: Comets2,lines,1928-10-01T00:00:00.000000,0.10810810810810811
0,P1: Comets2,lines,1928-11-01T00:00:00.000000,0.017241379310344827
0,P1: Comets2,lines,1928-12-01T00:00:00.000000,0.0
0,P1: Comets2,lines,1929-01-01T00:00:00.000000,0.0
0,P1: Comets2,lines,1929-02-01T00:00:00.000000,0.09090909090909091
0,P1: Comets2,lines,1929-03-01T00:00:00.000000,0.0
0,P1: Comets2,lines,1929-04-01T00:00:00.000000,0.0
0,P1: Comets2,lines,1929-05-01T00:00:00.000000,0.0
0,P1: Comets2,lines,1929-06-01T00:00:00.000000,0.0
0,P1: Comets2,lines,1929-07-01T00:00:00.000000,0.0
0,P1: Comets2,lines,1929-08-01T00:00:00.000000,0.024390243902439025
0,P1: Comets2,lines,1929-09-01T00:00:00.000000,0.015625
0,P1: Comets2,lines,1929-10-01T00:00:00.000000,0.0625
0,P1: Comets2,lines,1929-11-01T00:00:00.000000,0.027777777777777776
0,P1: Comets2,lines,1929-12-01T00:00:00.000000,0.025
0,P1: Comets2,lines,1930-01-01T00:00:00.000000,0.043478260869565216
0,P1: Comets2,lines,1930-02-01T00:00:00.000000,0.0
0,P1: Comets2,lines,1930-03-01T00:00:00.000000,0.006369426751592357
0,P1: Comets2,lines,1930-04-01T00:00:00.000000,0.06164383561643835
0,P1: Comets2,lines,1930-05-01T00:00:00.000000,0.057692307692307696
0,P1: Comets2,lines,1930-06-01T00:00:00.000000,0.06666666666666667
0,P1: Comets2,lines,1930-07-01T00:00:00.000000,0.0
0,P1: Comets2,lines,1930-08-01T00:00:00.000000,0.06818181818181818
0,P1: Comets2,lines,1930-09-01T00:00:00.000000,0.02127659574468085
0,P1: Comets2,lines,1930-10-01T00:00:00.000000,0.027777777777777776
0,P1: Comets2,lines,1930-11-01T00:00:00.000000,0.0
0,P1: Comets2,lines,1930-12-01T00:00:00.000000,0.0
0,P1: Comets2,lines,1931-01-01T00:00:00.000000,0.025
0,P1: Comets2,lines,1931-02-01T00:00:00.000000,0.022727272727272728
0,P1: Comets2,lines,1931-03-01T00:00:00.000000,0.0
0,P1: Comets2,lines,1931-04-01T00:00:00.000000,0.0
0,P1: Comets2,lines,1931-05-01T00:00:00.000000,0.0
0,P1: Comets2,lines,1931-06-01T00:00:00.000000,0.02564102564102564
0,P1: Comets2,lines,1931-07-01T00:00:00.000000,0.07142857142857142
0,P1: Comets2,lines,1931-08-01T00:00:00.000000,0.16216216216216217
0,P1: Comets2,lines,1931-09-01T00:00:00.000000,0.08333333333333333
0,P1: Comets2,lines,1931-10-01T00:00:00.000000,0.04
0,P1: Comets2,lines,1931-11-01T00:00:00.000000,0.1111111111111111
0,P1: Comets2,lines,1931-12-01T00:00:00.000000,0.0
0,P1: Comets2,lines,1932-01-01T00:00:00.000000,0.0
0,P1: Comets2,lines,1932-02-01T00:00:00.000000,0.08333333333333333
0,P1: Comets2,lines,1932-03-01T00:00:00.000000,0.058823529411764705
0,P1: Comets2,lines,1932-04-01T00:00:00.000000,0.0
0,P1: Comets2,lines,1932-05-01T00:00:00.000000,0.17857142857142858
0,P1: Comets2,lines,1932-06-01T00:00:00.000000,0.10526315789473684
0,P1: Comets2,lines,1932-07-01T00:00:00.000000,0.025
0,P1: Comets2,lines,1932-08-01T00:00:00.000000,0.03007518796992481
0,P1: Comets2,lines,1932-09-01T00:00:00.000000,0.1
0,P1: Comets2,lines,1932-10-01T00:00:00.000000,0.0
0,P1: Comets2,lines,1932-11-01T00:00:00.000000,0.075
0,P1: Comets2,lines,1932-12-01T00:00:00.000000,0.05405405405405406
0,P1: Comets2,lines,1933-01-01T00:00:00.000000,0.024390243902439025
0,P1: Comets2,lines,1933-02-01T00:00:00.000000,0.2916666666666667
0,P1: Comets2,lines,1933-03-01T00:00:00.000000,0.045454545454545456
0,P1: Comets2,lines,1933-04-01T00:00:00.000000,0.1111111111111111
0,P1: Comets2,lines,1933-05-01T00:00:00.000000,0.0
0,P1: Comets2,lines,1933-06-01T00:00:00.000000,0.0
0,P1: Comets2,lines,1933-07-01T00:00:00.000000,0.05555555555555555
0,P1: Comets2,lines,1933-08-01T00:00:00.000000,0.02857142857142857
0,P1: Comets2,lines,1933-09-01T00:00:00.000000,0.07142857142857142
0,P1: Comets2,lines,1933-10-01T00:00:00.000000,0.0
0,P1: Comets2,lines,1933-11-01T00:00:00.000000,0.05555555555555555
0,P1: Comets2,lines,1933-12-01T00:00:00.000000,0.029411764705882353
0,P1: Comets2,lines,1934-01-01T00:00:00.000000,0.0
0,P1: Comets2,lines,1934-02-01T00:00:00.000000,0.0
0,P1: Comets2,lines,1934-03-01T00:00:00.000000,0.07142857142857142
0,P1: Comets2,lines,1934-04-01T00:00:00.000000,0.03333333333333333
0,P1: Comets2,lines,1934-05-01T00:00:00.000000,0.0
0,P1: Comets2,lines,1934-06-01T00:00:00.000000,0.0
0,P1: Comets2,lines,1934-07-01T00:00:00.000000,0.0
0,P1: Comets2,lines,1934-08-01T00:00:00.000000,0.0
0,P1: Comets2,lines,1934-09-01T00:00:00.000000,0.0
0,P1: Comets2,lines,1934-10-01T00:00:00.000000,0.0
0,P1: Comets2,lines,1934-11-01T00:00:00.000000,0.05555555555555555
0,P1: Comets2,lines,1934-12-01T00:00:00.000000,0.05
0,P1: Comets2,lines,1935-01-01T00:00:00.000000,0.0
0,P1: Comets2,lines,1935-02-01T00:00:00.000000,0.0
0,P1: Comets2,lines,1935-03-01T00:00:00.000000,0.06451612903225806
0,P1: Comets2,lines,1935-04-01T00:00:00.000000,0.03571428571428571
0,P1: Comets2,lines,1935-05-01T00:00:00.000000,0.0
0,P1: Comets2,lines,1935-06-01T00:00:00.000000,0.08695652173913043
0,P1: Comets2,lines,1935-07-01T00:00:00.000000,0.0
0,P1: Comets2,lines,1935-08-01T00:00:00.000000,0.043478260869565216
0,P1: Comets2,lines,1935-09-01T00:00:00.000000,0.1
0,P1: Comets2,lines,1935-10-01T00:00:00.000000,0.0
0,P1: Comets2,lines,1935-11-01T00:00:00.000000,0.0625
0,P1: Comets2,lines,1935-12-01T00:00:00.000000,0.03333333333333333
0,P1: Comets2,lines,1936-01-01T00:00:00.000000,0.0
0,P1: Comets2,lines,1936-02-01T00:00:00.000000,0.0
0,P1: Comets2,lines,1936-03-01T00:00:00.000000,0.034482758620689655
0,P1: Comets2,lines,1936-04-01T00:00:00.000000,0.0
0,P1: Comets2,lines,1936-05-01T00:00:00.000000,0.125
0,P1: Comets2,lines,1936-06-01T00:00:00.000000,0.0
0,P1: Comets2,lines,1936-07-01T00:00:00.000000,0.16666666666666666
0,P1: Comets2,lines,1936-08-01T00:00:00.000000,0.11764705882352941
0,P1: Comets2,lines,1936-09-01T00:00:00.000000,0.0
0,P1: Comets2,lines,1936-10-01T00:00:00.000000,0.0
0,P1: Comets2,lines,1936-11-01T00:00:00.000000,0.05263157894736842
0,P1: Comets2,lines,1936-12-01T00:00:00.000000,0.0
0,P1: Comets2,lines,1937-01-01T00:00:00.000000,0.05
0,P1: Comets2,lines,1937-02-01T00:00:00.000000,0.0
0,P1: Comets2,lines,1937-03-01T00:00:00.000000,0.0
0,P1: Comets2,lines,1937-04-01T00:00:00.000000,0.0
0,P1: Comets2,lines,1937-05-01T00:00:00.000000,0.0
0,P1: Comets2,lines,1937-06-01T00:00:00.000000,0.0
0,P1: Comets2,lines,1937-07-01T00:00:00.000000,0.0
0,P1: Comets2,lines,1937-08-01T00:00:00.000000,0.23076923076923078
0,P1: Comets2,lines,1937-09-01T00:00:00.000000,0.11764705882352941
0,P1: Comets2,lines,1937-10-01T00:00:00.000000,0.0
0,P1: Comets2,lines,1937-11-01T00:00:00.000000,0.043478260869565216
0,P1: Comets2,lines,1937-12-01T00:00:00.000000,0.1
0,P1: Comets2,lines,1938-01-01T00:00:00.000000,0.0
0,P1: Comets2,lines,1938-02-01T00:00:00.000000,0.0
0,P1: Comets2,lines,1938-03-01T00:00:00.000000,0.0
0,P1: Comets2,lines,1938-04-01T00:00:00.000000,0.06666666666666667
0,P1: Comets2,lines,1938-05-01T00:00:00.000000,0.0
0,P1: Comets2,lines,1938-06-01T00:00:00.000000,0.11764705882352941
0,P1: Comets2,lines,1938-07-01T00:00:00.000000,0.0
0,P1: Comets2,lines,1938-08-01T00:00:00.000000,0.0
0,P1: Comets2,lines,1938-09-01T00:00:00.000000,0.0
0,P1: Comets2,lines,1938-10-01T00:00:00.000000,0.0
0,P1: Comets2,lines,1938-11-01T00:00:00.000000,0.0
0,P1: Comets2,lines,1938-12-01T00:00:00.000000,0.0
0,P1: Comets2,lines,1939-01-01T00:00:00.000000,0.04
0,P1: Comets2,lines,1939-02-01T00:00:00.000000,0.13333333333333333
0,P1: Comets2,lines,1939-03-01T00:00:00.000000,0.0
0,P1: Comets2,lines,1939-04-01T00:00:00.000000,0.0625
0,P1: Comets2,lines,1939-05-01T00:00:00.000000,0.0
0,P1: Comets2,lines,1939-06-01T00:00:00.000000,0.0
0,P1: Comets2,lines,1939-07-01T00:00:00.000000,0.058823529411764705
0,P1: Comets2,lines,1939-08-01T00:00:00.000000,0.0
0,P1: Comets2,lines,1939-09-01T00:00:00.000000,0.0
0,P1: Comets2,lines,1939-10-01T00:00:00.000000,0.0
0,P1: Comets2,lines,1939-11-01T00:00:00.000000,0.14285714285714285
0,P1: Comets2,lines,1939-12-01T00:00:00.000000,0.07142857142857142
0,P1: Comets2,lines,1940-01-01T00:00:00.000000,
0,P1: Comets2,lines,1940-02-01T00:00:00.000000,
0,P1: Comets2,lines,1940-03-01T00:00:00.000000,
0,P1: Comets2,lines,1940-04-01T00:00:00.000000,
0,P1: Comets2,lines,1940-05-01T00:00:00.000000,
0,P1: Comets2,lines,1940-06-01T00:00:00.000000,
0,P1: Comets2,lines,1940-07-01T00:00:00.000000,
0,P1: Comets2,lines,1940-08-01T00:00:00.000000,
0,P1: Comets2,lines,1940-09-01T00:00:00.000000,
0,P1: Comets2,lines,1940-10-01T00:00:00.000000,
0,P1: Comets2,lines,1940-11-01T00:00:00.000000,
0,P1: Comets2,lines,1940-12-01T00:00:00.000000,
